"","day_of_infection","latitude","longitude","population_density","median_age","aged_65_older","extreme_poverty","cvd_death_rate","diabetes_prevalence","female_smokers","male_smokers","handwashing_facilities","hospital_beds_per_thousand","life_expectancy","border_closure","wear_protective_gear_in_public_requirement","businesses_and_public_services_closure","curfews","economic_measures","suspension_international_flights","imports_exports_limit","gatherings_limit","partial_lockdown","schools_closure","established_emergency","quarantine_isolation_policies","full_lockdown","mass_testing","checkpoints_within_the_country","military_deployment","Africa","Asia","Europe","North.America","Oceania","South.America","AFRO","AMRO","EMRO","EURO","SEARO","WPRO","airports_per_pop","temperatura","precip","PERC_POBLACION_RURAL","prison_pop","diabetes","expend__health_public","HIV","lit_rate","non_transm_mortality","num_physicians","tuberculosis","log_population","log_gdp_per_capita","log_n_airports","log_turismo","cumulative_cases"
"1",48,33,65,54.422,18.6,2.581,22.46,597.029,9.59,7.93,37.03,37.746,0.5,64.83,1,0,0,0,0,1,1,1,1,1,1,1,0,0,0,0,0,1,0,0,0,0,0,0,1,0,0,0,1.33578772339669,12.9214545176,311.321855887,74.505,76,9.2,0.600144406780601,0.1,43.01972,29.8,0.2782,189,17.4772331294169,7.49830866852498,3.97029191355212,14.5865455506036,555
"2",31,41.1533,20.1683,104.871,38,13.188,1.1,304.195,10.08,7.1,51.2,76.8643,2.89,78.57,1,0,1,1,1,1,1,1,1,1,1,1,0,0,1,1,0,0,1,0,0,0,0,0,0,1,0,0,1.38995065675169,11.2698000667,1053.23518372,39.681,158,9,4.27755378186703,0.12,98.14115,17,1.2164,18,14.8725370187991,9.37623024844267,1.6094379124341,15.4907363982023,409
"3",37,28.0339,1.6596,17.348,29.1,6.211,0.5,278.364,6.73,0.7,30.4,83.741,1.9,76.88,1,0,1,1,0,1,0,1,1,1,1,1,1,0,1,1,1,0,0,0,0,0,1,0,0,0,0,0,3.58030252552944,22.5757911398,81.9735487682,27.371,162,6.7,4.20416407287121,0.1,81.40784,14.2,1.7193,69,17.5963090849369,9.54071110364512,5.06259503302697,14.7927086011062,847
"4",43,42.5063,1.5218,163.755,44.9,17.36,0.79,109.135,7.97,29,37.8,92.3915,0,83.73,0,0,0,0,0,0,0,0,0,0,0,0,0,0,0,0,0,0,1,0,0,0,0,0,0,1,0,0,22.8779829096556,10.704854365641,811.715173606,11.938,38,7.7,5.06037287414074,0.36,97.633394,9.9,3.3333,3,11.2550092930548,10.7205953872528,1.65370922606254,14.9280260805324,651
"5",43,-11.2027,17.8739,23.89,16.8,2.405,21.4,276.045,3.94,3.79,19.11,26.664,0,61.15,1,1,1,1,1,1,1,1,1,1,1,1,0,1,0,0,1,0,0,0,0,0,1,0,0,0,0,0,5.35503452962776,21.5109326932,991.305683448,34.486,105,4.5,1.29186874255538,2,66.03011,16.5,0.2146,355,17.3079574314401,8.6691405886552,5.17614973257383,12.2922549289167,35
"6",54,17.0608,-61.7964,231.845,32.1,6.933,1.62,191.511,13.17,4.02,18.85,89.1963,3.8,77.02,0,1,1,1,1,1,0,1,1,1,1,0,1,0,0,0,0,0,0,1,0,0,0,1,0,0,0,0,30.63475206274,22.3865859806649,1844.748778783,75.401,403,13.1,2.13234610855579,1.65,98.95,22.6,2.956,6,11.4919980052872,9.97543339969556,1.38629436111989,12.5024703760492,25
"7",34,-38.4161,-63.6167,16.177,31.9,11.198,0.6,191.032,5.5,16.2,27.7,76.6079,5,76.67,0,1,1,0,1,1,0,1,1,1,1,1,0,0,0,0,0,0,0,0,0,1,0,1,0,0,0,0,25.1793436364641,14.21522492,559.045870807,8.13,147,5.9,6.60893470048904,0.4,99.00387,15.8,3.9901,27,17.6265142333601,9.84876242878436,7.03790596344718,15.7531006194546,1451
"8",43,40.0691,45.0382,102.931,35.7,11.232,1.8,341.01,7.11,1.5,52.1,94.043,4.2,75.09,1,0,0,0,1,1,0,1,1,1,1,1,0,0,0,0,0,1,0,0,0,0,0,0,0,1,0,0,3.71216043012465,6.37436162538,502.281768799,36.851,164,6.1,1.37250600382686,0.2,99.73607,22.3,4.4023,31,14.9017921349193,9.08120843041632,2.484906649788,14.3174978383898,1039
"9",36,12.5186,-70.0358,584.8,41.2,13.085,2.45,0,11.62,5.24,24.25,85.9249,0,76.29,0,0,0,0,0,0,0,0,0,0,0,0,0,0,0,0,0,0,0,1,0,0,0,1,0,0,0,0,9.36627765393477,22.52962649858,2042.747547276,56.589,690.6,11.6,3.88234719634056,1.65,97.80742,15.87,3.3921,5.4,11.5784041689973,10.4905734441762,0.693147180559945,13.8943226626026,97
"10",36,-35.4735,149.0124,3.202,37.9,15.504,0.5,107.791,5.07,13,16.5,82.1482,3.84,83.44,0,0,0,0,1,0,0,0,0,0,1,1,0,0,0,0,0,0,0,0,1,0,0,0,0,0,0,1,18.8236172553119,21.5066763378,473.091499829,13.988,130,5.6,6.34408071637154,0.1,97.59464,9.1,3.6778,6.6,17.054184382667,10.7066030913227,6.17586727010576,16.0397016916852,27
"11",33,47.5162,14.5501,106.749,44.4,19.202,0.7,145.183,6.35,28.4,30.9,96.8343,7.37,81.54,1,0,1,1,1,1,0,1,1,1,1,1,0,0,0,0,0,0,1,0,0,0,0,0,0,1,0,0,5.77367205542725,6.18601274769,1161.18386919,41.703,98,6.6,7.52637535333633,0.15,98.819445,11.4,5.1697,7.1,16.013446104724,10.7240971278026,3.97029191355212,17.2435446260307,8291
"12",41,40.1431,47.5769,119.309,32.4,6.018,3.7,559.812,7.11,0.3,42.5,83.241,4.7,73,1,0,1,0,1,1,0,1,1,1,0,1,1,0,0,0,0,1,0,0,0,0,0,0,0,1,0,0,3.6492120907273,12.2243444651,433.883240763,44.32,413,6.1,1.00491279736161,0.45,99.79123,22.2,3.446,63,16.1319172904979,9.67082502669623,3.63758615972639,14.7836348182733,926
"13",41,25.0343,-77.3963,39.497,34.3,8.996,1.79,235.954,13.17,3.1,20.4,83.1298,2.9,73.92,1,1,1,0,1,1,1,1,0,1,1,1,1,0,0,0,0,0,0,1,0,0,0,1,0,0,0,0,155.118398567825,25.06333351,1280.08365885,16.975,444,8.8,2.52639949321747,1.8,93.641171,15.5,2.0068,14,12.8821982780057,10.2298678579222,4.12713438504509,14.3059299843223,78
"14",30,26.0275,50.55,1935.907,32.4,2.372,2.52,151.689,16.52,5.8,37.6,76.9,2,77.29,1,0,1,0,0,1,0,0,0,1,0,1,0,0,0,0,0,1,0,0,0,0,0,0,1,0,0,0,2.35075221132322,22.42355726943,102.66115907397,10.713,275,15.6,2.75286287069321,0.4,97.46419,11.3,0.9257,11,14.3470701399091,10.6757163251998,1.6094379124341,16.3041602770531,419
"15",39,23.685,90.3563,1265.036,27.5,5.098,14.8,298.003,8.38,1,44.7,34.808,0.8,72.59,0,0,0,1,0,1,0,0,1,0,1,1,0,0,0,1,0,1,0,0,0,0,0,0,0,0,1,0,0.1092966630399,25.4709130989,2266.52366837,63.368,42,9.2,0.379648082889616,0.1,73.9122,21.6,0.5809,221,18.9195717364827,8.16763117622898,2.94443897916644,13.8411792793712,1572
"16",35,13.1939,-59.5432,664.463,39.8,14.952,2.92,170.05,13.57,1.9,14.5,88.469,5.8,79.19,1,0,0,1,1,0,0,1,1,1,1,1,1,0,0,0,0,0,0,1,0,0,0,1,0,0,0,0,3.47982225067944,22.10307490575,2067.433899287,68.853,521,13.4,2.99643445760012,1.5,99.6,16.2,2.4843,0.4,12.5685328226895,9.73973657025528,0.693147180559945,13.4298495477394,75
"17",41,53.7098,27.9534,46.858,40.3,14.799,1.77,443.129,5.18,10.5,46.1,79.6004,11,74.79,0,0,0,0,0,1,1,1,0,1,1,1,0,1,0,0,0,0,1,0,0,0,0,0,0,1,0,0,6.8788011329068,6.29493009912,610.066737893,21.405,335,5,4.14589382708073,0.5,99.75656,23.7,5.1905,31,16.0614535508643,9.75085878900652,4.18965474202643,16.2579968010349,1066
"18",58,50.8333,4,375.564,41.8,18.571,0.2,114.898,4.29,25.1,31.4,93.4682,5.64,81.63,1,0,1,0,1,1,0,1,1,1,1,1,0,0,1,0,0,0,1,0,0,0,0,0,0,1,0,0,3.53764956492087,9.51424127412,874.297532025,1.999,108,4.6,7.98325017094612,0.24,99.413614,11.4,3.0709,9,16.2656201690408,10.661007052923,3.73766961828337,16.0258708165769,13964
"19",47,13.1939,-59.5432,16.426,25,3.853,3.04,176.957,17.11,4.94,20.49,90.083,1.3,74.62,0,1,0,1,0,1,0,1,1,1,1,1,0,0,0,0,0,0,0,1,0,0,0,1,0,0,0,0,118.203012416346,25.0643329617,2089.26430257,54.276,476,17.1,3.83578389883041,1.9,82.760983,22.1,1.1229,30,12.8932570842258,8.96512527631913,3.87120101090789,13.1001198134447,18
"20",45,9.3077,2.3158,99.11,18.8,3.244,49.6,235.848,0.99,0.6,12.3,11.035,0.5,61.77,1,1,0,0,1,0,0,1,0,1,0,1,0,0,0,1,1,0,0,0,0,0,1,0,0,0,0,0,0.494918914959568,27.4615526705,1034.26788973,52.688,75,1,1.11499726772308,1,42.3624,19.6,0.0791,56,16.3106314476728,7.6329997845793,1.94591014905531,12.5947340251467,84
"21",39,32.3078,-64.7505,1308.82,43.6,19.74,1.37,139.547,13,10.6,22.37,84.6403,0,82.59,0,0,0,0,0,0,0,0,0,0,0,0,0,0,0,0,0,0,0,1,0,0,0,1,0,0,0,0,16.0583238321584,17.392754985049,1685.6248223011,0,613.5,6.7,5.55974128656089,1.39,96.203645,11.11,3.44219,3.7,11.0392992821933,10.8330955151469,0.693147180559945,12.5496658960133,99
"22",96,27.5142,90.4336,21.188,28.6,4.885,1.5,217.066,9.75,5.58,41.81,79.807,1.7,71.78,1,0,0,1,0,1,0,1,0,1,1,0,0,0,0,0,0,1,0,0,0,0,0,0,0,0,1,0,2.5919762782331,8.57504293,1780.45989118,59.105,135,10.3,2.3748742416501,0.3,66.56115,23.3,0.4242,149,13.5562384079796,9.0721808001194,1.09861228866811,12.5208870349986,59
"23",34,-16.2902,-63.5887,10.202,25.4,6.704,7.1,204.299,6.89,3.43,17.03,25.383,1.1,71.51,1,1,1,1,1,1,0,1,1,0,1,1,0,0,0,1,0,0,0,0,0,1,0,1,0,0,0,0,73.2457702281045,20.9750300361,1095.55980128,30.575,140,6.8,4.41535040736198,0.3,92.45508,17.2,1.5901,108,16.2727916106649,8.83736602584774,6.75227037614174,13.9482925448545,330
"24",37,43.9159,17.6791,68.496,42.5,16.569,0.2,329.635,10.08,30.2,47.7,97.164,3.5,77.4,1,0,1,1,1,1,0,1,0,1,1,1,0,0,0,0,0,0,1,0,0,0,0,0,0,1,0,0,7.3152555081588,9.01653183545,1071.75728815,51.755,80,9,6.29525780677795,0.1,96.99177,17.8,2.1616,25,15.0036027299074,9.36861638803361,3.2188758248682,13.8671547407833,901
"25",38,-22.3285,24.6849,4.044,25.8,3.941,4.3,237.372,4.81,5.7,34.4,48.0482,1.8,69.59,1,0,1,0,1,1,0,1,1,0,1,1,0,0,0,0,1,0,0,0,0,0,1,0,0,0,0,0,31.467602189975,21.4785388464,394.47577571,30.554,205,5.8,4.64138947427273,20.3,86.82318,20.3,0.5269,275,14.6706175617512,9.66829507861466,4.31748811353631,14.2997874626395,23
"26",39,-14.235,-51.9253,25.04,33.5,8.552,3.4,177.961,8.11,10.1,17.9,60.0224,2.2,75.88,1,0,0,0,1,0,0,0,0,0,1,1,0,0,0,0,0,0,0,0,0,1,0,1,0,0,0,0,19.255793094532,24.9157718328,1762.97099306,13.431,274,10.4,3.96492034196854,0.5,93.2275,16.6,2.1643,45,19.1747320837251,9.55424577121025,8.31727776622123,15.7057571249416,9056
"27",30,4.5353,114.7277,81.347,32.4,4.591,0.82,201.285,12.79,2,30.9,86.1082,2.7,75.86,0,0,1,0,0,0,0,1,1,1,1,1,0,0,1,0,0,1,0,0,0,0,0,0,0,0,0,1,2.2858031054921,25.934000015,3160.77514648,22.371,122,13.3,2.25035604089499,0.36,97.21411,16.6,1.609,68,12.9887954126825,11.1817825164332,0.693147180559945,12.5353799897886,135
"28",36,42.7339,25.4858,65.18,44.7,20.801,1.5,424.688,5.81,30.1,44.4,95.5393,7.454,75.05,1,1,1,1,1,1,0,1,1,1,1,1,0,0,0,0,0,0,1,0,0,0,0,0,0,1,0,0,9.7863622724221,10.3967616409,602.843706497,24.992,151,6,4.19922322034836,0.1,98.35245,23.6,4.0332,22,15.7540285954171,9.82899603760851,4.23410650459726,16.0426176176223,675
"29",34,12.2383,-1.5616,70.151,17.6,2.409,43.7,269.048,2.42,1.6,23.9,11.877,0.4,61.58,1,0,1,1,1,1,0,1,0,1,1,1,0,0,0,0,1,0,0,0,0,0,1,0,0,0,0,0,1.10030589460658,28.1763605071,774.286750262,70.642,28,7.3,2.994354814291,0.7,41.22445,21.7,0.0847,48,16.8554165945812,7.4407935647527,3.17805383034795,11.8775755229785,497
"30",50,-3.3731,29.9189,423.062,17.5,2.562,71.7,293.068,6.05,2.02,23.76,6.144,0.8,61.58,0,0,0,0,0,1,0,0,0,0,0,1,0,0,0,0,1,0,0,0,0,0,1,0,0,0,0,0,0.588691356774631,20.266099738,1262.81199951,86.968,72,5.1,1.85788683593273,1,68.37533,22.9,0.1001,111,16.2912740360585,6.55567689750239,2.07944154167984,12.6082021968488,42
"31",54,16.5388,-23.0418,135.58,25.7,4.46,0.7,182.219,2.42,2.1,16.5,55.2294,2.1,72.98,1,1,1,1,0,1,0,0,0,1,1,1,0,0,0,0,1,0,0,0,0,0,1,0,0,0,0,0,16.1873997280517,26.39401065942,1440.02039795138,34.268,137.9,2.4,3.11193484812975,0.6,86.79029,17.2,0.7814,46,13.2285037888643,8.73609640519298,2.30258509299405,13.4730216574672,270
"32",77,11.55,104.9167,90.672,25.6,4.412,6.11,270.892,4,2,33.7,66.229,0.8,69.82,0,0,0,0,1,0,0,1,1,1,1,1,0,0,0,0,0,1,0,0,0,0,0,0,0,0,0,1,0.956996695550223,26.9395000398,1918.67785645,76.612,106,6.4,1.40879349783063,0.5,80.52649,21.1,0.1927,302,16.6320546804771,8.20140515417663,2.83321334405622,15.6402212885963,122
"33",41,3.848,11.5021,50.885,18.8,3.165,23.8,244.661,7.2,3.08,17.87,2.735,1.3,59.29,1,1,1,1,1,1,0,1,0,1,1,1,0,1,0,0,1,0,0,0,0,0,1,0,0,0,0,0,1.24313151005369,24.5278503909,1613.07191498,43.626,119,6,0.62201963737607,3.6,77.07104,21.6,0.0881,186,17.0943845496434,8.12145838995769,3.52636052461616,13.8933980216903,855
"34",58,56.1304,-106.3468,4.037,41.4,16.984,0.5,105.599,7.37,12,16.6,87.5438,2.5,82.43,1,0,0,0,1,1,0,1,0,1,1,1,0,0,0,0,0,0,0,1,0,0,0,1,0,0,0,0,38.8690026380845,-7.14457961345,457.469053257,18.589,118,7.6,7.79410153627396,0.45,97.695519,9.8,2.6102,5.6,17.44628827698,10.6923673463901,7.29165620917446,16.8663937233002,1739
"35",47,19.3133,-81.2546,256.496,40.5,14.24,1.49,0,13.22,7.26,22.11,84.8813,0,83.92,0,0,0,0,0,0,0,0,0,0,0,0,0,0,0,0,0,0,0,1,0,0,0,1,0,0,0,0,45.6482045039562,19.272914262709,2094.8103779026,0,657.2,6.8,4.07507761381567,1.52,95.208725,11.77,2.96113,5.4,11.0931737881036,10.8178570199632,1.38629436111989,13.0454844928933,70
"36",55,6.6111,20.9394,7.479,18.3,3.655,50.14,435.727,6.1,5.39,25.11,16.603,1,53.28,1,0,1,0,0,1,0,1,0,1,1,1,0,0,0,0,1,0,0,0,0,0,1,0,0,0,0,0,8.07492871287293,24.8392549403,1354.66810009,58.636,19,6,0.746504962444305,3.6,37.39582,23.1,0.0721,540,15.3903083702008,6.49562802800042,3.68887945411394,11.5805934591948,94
"37",49,15.4542,18.7322,11.833,16.7,2.486,38.4,280.995,6.1,0.75,14.41,5.818,0,54.24,0,0,0,1,1,1,0,1,0,0,0,1,0,0,1,0,1,0,0,0,0,0,1,0,0,0,0,0,3.59189738570141,26.650741257,330.505670093,76.941,41,6,0.709243677556515,1.3,22.31155,23.9,0.0434,142,16.6143674801728,7.47825617996189,4.0943445622221,11.3736748918235,170
"38",34,-35.6751,-71.543,24.282,35.4,11.087,1.3,127.993,8.46,34.2,41.5,73.6897,2.11,80.18,1,0,0,1,1,0,0,1,1,1,1,1,0,0,1,1,0,0,0,0,0,1,0,1,0,0,0,0,25.1618927162807,8.36982830344,631.170165709,12.436,266,8.6,4.49699349701405,0.5,96.40228,12.4,2.5912,18,16.7660472241817,10.0331129454162,6.1779441140506,15.5600038761248,4471
"39",30,31.8257,117.2264,147.674,38.7,10.641,0.7,261.899,9.74,1.9,48.4,86.778,4.34,76.91,0,0,1,0,0,0,0,1,0,1,1,0,0,0,0,0,0,1,0,0,0,0,0,0,0,0,0,1,0.35224874983549,6.32566398193,574.773938266,40.848,121,9.2,2.91935373097658,0.39,96.84089,17,1.9798,61,21.0874392395429,9.63624267724031,6.23048144757848,17.9570567375689,40236
"40",36,4.5709,-74.2973,44.223,32.2,7.646,4.5,124.24,7.44,4.7,13.5,65.386,1.71,77.29,1,1,1,0,1,1,0,1,1,1,1,1,0,0,0,0,0,0,0,0,0,1,0,1,0,0,0,0,16.4298863248396,24.4038118214,2618.58518334,19.222,245,7.4,4.89939339458942,0.4,95.09251,15.8,2.1848,33,17.7450371774327,9.49220171178457,6.72982407048948,15.1775124826626,2223
"41",38,-11.6455,43.3333,437.352,20.4,2.963,18.1,261.516,11.88,4.4,23.6,15.574,2.2,64.32,0,1,1,1,1,1,0,1,0,1,1,1,0,0,0,0,1,0,0,0,0,0,1,0,0,0,0,0,4.5998424553959,23.98699951,1846.39404297,71.035,16,12.3,0.941362418234348,0.1,58.81702,22.9,0.2715,35,13.6757840149626,7.25480706853964,1.6094379124341,10.4885204292416,97
"42",42,-4.0383,21.7587,15.405,19,3.402,37,344.094,7.2,1.7,52.3,47.964,0,64.57,1,0,1,1,1,0,0,1,1,1,1,1,0,0,0,1,1,0,0,0,0,0,1,0,0,0,0,0,4.89299562239992,24.5203273424,1635.05145708,33.084,31,6,1.19367139413953,2.6,80.29876,16.7,0.1645,375,15.5235428875499,8.49339341013335,3.3322045101752,11.9576176964675,200
"43",32,9.7489,-83.7534,96.079,33.6,9.468,1.3,137.973,8.78,6.4,17.4,83.841,1.13,80.28,1,0,0,0,1,1,0,1,0,1,1,1,0,0,0,0,0,0,0,1,0,0,0,1,0,0,0,0,31.6051034586191,23.850928715,3268.2661656,20.66,314,9.1,5.38734458386898,0.4,97.86379,11.5,2.8939,10,15.4435965098458,9.65027099492513,5.08759633523238,14.9197738495962,483
"44",40,7.54,-5.5471,76.399,18.7,2.933,28.2,303.74,2.42,2.7,20.01,19.351,0,57.78,1,1,1,1,1,1,0,1,1,1,1,1,0,0,1,0,1,0,0,0,0,0,1,0,0,0,0,0,1.66801555127819,26.2997155672,1356.08177591,49.221,74.7,2.4,1.26734245568514,2.6,47.16535,29.1,0.2314,142,17.0880513505781,8.18924619147577,3.51953633580674,14.4910033121912,879
"45",38,45.1,15.2,73.726,44,19.724,0.7,253.782,5.59,34.3,39.9,96.2559,5.54,78.49,1,0,1,0,1,1,0,1,0,1,1,1,0,0,0,0,0,0,1,0,0,0,0,0,0,1,0,0,16.8076724832581,10.4709106861,1037.34768241,43.053,108,5.4,5.62324300408363,0.1,99.12536,16.7,2.9996,8.4,15.2277818285633,10.0288328994782,4.24849524204936,16.6276204890694,1011
"46",34,22,-80,110.408,43.1,14.738,1.07,190.968,8.27,17.1,53.3,85.198,5.2,78.8,1,1,0,0,1,1,0,1,1,1,1,1,0,0,0,1,0,0,0,1,0,0,0,1,0,0,0,0,11.7422538205586,25.130076971,1329.48686336,22.963,510,9.6,10.4748606681824,0.4,99.75253,16.4,8.4218,7.2,16.242666000598,9.96311647281962,4.89783979995091,15.3596632171925,814
"47",47,12.1696,-68.99,362.644,41.7,16.367,1.28,0,11.62,10.05,22.69,85.5004,0,78.88,0,0,0,0,0,0,0,0,0,0,0,0,0,0,0,0,0,0,0,1,0,0,0,1,0,0,0,0,50.471151205995,21.262706912019,1846.4215888099,10.855,623.2,11.6,5.30159160494804,1.52,96.500222,16.55,3.93482,6.4,12.0082373709048,12.4474163644169,1.58367804667887,12.9761831820384,16
"48",33,35.1264,33.4299,127.657,37.3,13.416,0.71,141.171,9.24,19.6,52.7,94.4783,3.4,80.98,1,0,1,1,1,1,0,1,1,1,1,1,0,0,0,0,0,0,1,0,0,0,0,0,0,1,0,0,17.1252621592216,18.7135000225,436.254837035,33.19,106,9,2.83386185765266,0.21,98.67843,11.3,1.9509,5.4,13.6830072081512,10.3864114791033,2.77258872223978,15.1864376958246,595
"49",33,49.8175,15.473,137.176,43.3,19.027,0.59,227.485,6.82,30.5,38.3,85.9938,6.63,79.38,1,1,1,1,1,1,1,1,1,1,1,1,0,0,0,0,0,0,1,0,0,0,0,0,0,1,0,0,11.9525833547951,7.66549997325,666.998112488,26.208,154,7,5.91153986752033,0.1,98.80628,15,4.1208,5.4,16.1865934799319,10.3922793854106,4.85981240436167,16.1774018510975,3858
"50",37,-4.0383,21.7587,35.879,17,3.02,77.1,318.949,6.1,2.19,23.87,4.472,0,60.68,1,0,0,0,1,1,0,1,0,1,1,1,0,0,1,0,1,0,0,0,0,0,1,0,0,0,0,0,2.2107737390986,24.038836834,1535.03688021,55.54,33,6,0.395843433216214,0.8,77.04268,19.4,0.074,321,18.3104350373788,6.69596330404065,5.29330482472449,12.3921556610613,287
"51",35,56.2639,9.5018,136.52,42.3,19.677,0.2,114.767,6.41,19.3,18.8,96.9623,2.5,80.9,1,0,1,0,1,0,0,1,0,1,1,1,0,0,0,0,0,0,1,0,0,0,0,0,0,1,0,0,13.8116706199696,7.81897849714,698.649856567,12.126,73,8.3,8.4933839738369,0.1,98.068656,11.3,4.0099,5.4,15.5720234334219,10.7511463834799,4.39444915467244,16.3609634735578,3107
"52",36,11.8251,42.5903,41.285,25.4,4.213,22.5,258.037,6.05,1.7,24.5,27.8479,1.4,67.11,1,1,1,0,1,1,0,1,1,1,0,0,0,0,0,0,1,0,0,0,0,0,0,0,1,0,0,0,13.1578681014816,27.6430001943,196.185202463,22.223,83,5.1,1.56038142740726,1.2,75.570679,19.6,0.2237,260,13.8034410131626,7.90337683443123,2.63905732961526,13.6189109037554,986
"53",31,15.415,-61.371,98.567,34.9,12.12,2.06,227.376,11.62,7.83,24.93,79.756,3.8,75,1,0,1,1,1,1,0,1,1,0,1,1,1,1,0,0,0,0,0,1,0,0,0,1,0,0,0,0,27.781250434082,22.318030431444,2112.245840735,29.517,391,11.6,3.8178164511919,1.51,93.904258,20.12,1.1189,6.4,11.1843102807138,9.177235089401,1.09861228866811,11.0509058782636,16
"54",44,18.7357,-70.1627,222.873,27.6,6.981,1.6,266.653,8.2,8.5,19.1,55.182,1.6,74.08,1,0,1,1,1,1,0,1,0,1,1,1,0,0,1,0,0,0,0,1,0,0,0,1,0,0,0,0,3.31861343905698,23.9297498463,1417.07188034,18.926,240,8.6,2.82288156449795,0.9,93.77846,19,1.56,45,16.1994825317493,9.58890426532678,3.61091791264422,15.6978723241048,3286
"55",34,-1.8312,-78.1834,66.939,28.1,7.104,3.6,140.448,5.55,2,12.3,80.635,1.5,77.01,1,1,1,1,1,1,0,1,1,1,1,1,0,0,0,1,0,0,0,0,0,1,0,1,0,0,0,0,24.4855484252732,21.32904646,1945.27384594,36.179,149,5.5,4.36164624989033,0.4,92.82979,13,2.0368,44,16.6858531195661,9.26699817164087,6.07073772800249,14.7457045894847,3163
"56",51,26,30,97.999,25.3,5.159,1.3,525.432,17.31,0.2,50.1,89.827,1.6,71.99,0,0,1,1,1,1,0,0,0,1,0,1,0,0,0,0,1,0,0,0,0,0,0,0,1,0,0,0,0.811066440676847,22.1204530233,32.9133090481,57.296,80,17.2,1.74466855823994,0.1,71.16825,27.7,0.4521,12,18.4437564793693,9.26399544516721,4.43081679884331,16.2310672189351,1070
"57",36,13.7942,-88.8965,307.811,27.6,8.273,2.2,167.295,8.87,2.5,18.8,90.65,1.3,73.32,1,1,1,0,1,0,0,1,1,1,1,1,1,0,0,0,0,0,0,1,0,0,0,1,0,0,0,0,10.4837947513498,24.7708749775,1672.81037903,27.977,422,8.8,4.60725240409374,0.6,89.0086,14,1.5662,70,15.6851877093669,8.89473306095755,4.23410650459726,14.3326965118789,250
"58",45,1.5,10,45.194,22.4,2.846,17.86,202.812,7.78,3.11,18.86,24.64,2.1,58.74,1,1,1,1,1,1,0,1,1,1,1,1,0,0,0,1,1,0,0,0,0,0,1,0,0,0,0,0,4.98936196751925,24.1259996622,2213.30756293,27.857,95,6,0.585146900266409,7.1,94.37054,22,0.4017,201,14.1541133804176,10.0259650187574,2.07944154167984,13.450779493547,258
"59",41,15.1794,39.7823,44.304,19.3,3.607,27.85,311.11,6.05,0.2,11.4,18.1063,0.7,66.32,0,0,1,0,1,1,0,1,1,0,0,0,0,0,0,0,1,0,0,0,0,0,1,0,0,0,0,0,3.66566124158202,26.0683250902,257.70426445,0,90.8,5.1,0.782054383307695,0.7,76.57052,23.9,0.0628,89,15.0814514577123,7.32083068847947,2.63905732961526,11.8485216012602,39
"60",37,58.5953,25.0136,31.033,42.7,19.452,0.5,255.569,4.02,24.5,39.3,91.1359,4.69,78.74,1,0,1,0,1,1,0,1,1,1,1,1,0,0,0,1,0,0,1,0,0,0,0,0,0,1,0,0,13.5691449704833,5.03093842423,629.787344127,31.12,238,4.2,4.8007395118475,0.9,99.88579,17,4.4833,13,14.0980846066473,10.2915437341591,2.94443897916644,14.9892306283337,961
"61",54,-26.5225,31.4659,79.492,21.5,3.163,9.5,333.436,3.94,1.7,16.5,24.097,2.1,60.19,1,0,1,0,1,1,0,1,1,1,1,1,0,0,1,1,1,0,0,0,0,0,1,0,0,0,0,0,12.0672594564217,20.41380005,798.370678712,76.201,140.2,4.5,3.51684242486954,27.3,88.41938,26.7,0.3285,329,13.9640727943465,8.9541537366044,2.70805020110221,13.569611298299,123
"62",38,9.145,40.4897,104.957,19.8,3.526,26.7,182.634,7.47,0.4,8.5,7.96,0.3,66.6,1,0,1,0,1,0,0,1,0,1,1,1,0,0,0,1,1,0,0,0,0,0,1,0,0,0,0,0,0.495809181591009,22.3703929466,830.51464606,79.237,136,4.3,0.873719155788422,1,51.77118,18.3,0.0769,151,18.5601259753103,7.45641238213212,4.06044301054642,13.6518156431491,111
"63",39,-51.7963,-59.5236,0.286125031,39,11,8.28,100.8231,2.579,17.38,22.11,54.3605,0.3097,81.44,0,0,0,0,0,0,0,0,0,0,0,0,0,0,0,0,0,0,0,0,0,1,0,1,0,0,0,0,2009.76169968418,5.7897750125,568.951248168,19.653,242.9,5.64,5.28470174409449,1.27,95.35277,11.54,3.5329,108.01,8.15593633797239,9.96019883420538,2.07944154167984,12.9900290687,13
"64",40,61.8926,-6.9118,35.308,37.2,17.41,0.75,0,0,22.39,24.2,86.7434,0,80.67,0,0,0,0,0,0,0,0,0,0,0,0,0,0,0,0,0,0,1,0,0,0,0,0,0,1,0,0,20.4645451754835,0.9124582735462,1060.9533917218,57.936,103.6,4.7,5.87409120053053,0.31,99.787878,11.66,2.45548,4.28,10.7968371371087,10.4456723415898,0.693147180559945,13.6059095016811,184
"65",46,-17.7134,178.065,49.562,28.6,6.224,1.4,412.82,14.49,10.2,34.8,70.8325,2.3,67.44,1,0,1,1,1,1,0,1,0,1,1,1,0,1,0,0,0,0,0,0,1,0,0,0,0,0,0,1,31.2345221787418,23.37100029,2905.11499023,43.752,174,14.7,2.31857448816299,0.32,99.08211,30.6,0.86,54,13.7061922204521,9.07153509684895,3.36729582998647,13.6762496400554,18
"66",65,64,26,18.136,42.8,21.228,0.1,153.507,5.76,18.3,22.6,94.6538,3.28,81.91,1,0,1,0,1,1,0,1,0,1,1,1,0,0,0,0,0,0,1,0,0,0,0,0,0,1,0,0,26.7113395772894,1.34786114267,524.701103909,14.618,58,5.6,7.06586241722107,0.1,99.589575,10.2,3.8118,4.7,15.5276348336958,10.6111962231256,5.00394630594546,14.9861336927823,1518
"67",44,46.2276,2.2137,122.578,42,19.718,0.1,86.06,4.77,30.1,35.6,93.0774,5.98,82.66,0,0,0,0,0,0,0,1,0,0,1,0,0,0,0,0,0,0,1,0,0,0,0,0,0,1,0,0,7.10854963648961,10.5437222252,838.929003034,19.556,98,4.8,8.72132927179337,0.3,99.130339,10.6,3.2672,8.9,17.9940968917461,10.5611803643548,6.14203740558736,18.3077583872827,1116
"68",36,-17.6797,149.4068,77.324,32.7,7.775,2.12,0,22.63,5.55,24.6,78.9982,0,77.66,0,0,0,0,0,0,0,0,0,0,0,0,0,0,0,0,0,0,0,0,1,0,0,0,0,0,0,1,192.236493606357,21.466391029349,1826.829712609,38.166,204.2,19.5,3.62832890823484,0.48,96.965183,16.32,2.39777,22,12.5457718128627,10.6453860979258,4.00733318523247,12.284426235139,55
"69",49,-0.8037,11.6094,7.859,23.1,4.45,3.4,259.967,7.2,6.41,23.71,38.8745,6.3,66.47,1,1,0,1,1,1,0,1,0,1,1,1,0,1,0,1,1,0,0,0,0,0,1,0,0,0,0,0,19.7688127210513,24.9998213907,1819.43900263,10.63,196,6,1.7597995698452,3.8,84.66716,14.4,0.6819,525,14.6155950603695,9.71495150573758,3.80666248977032,13.7720574752679,308
"70",63,13.4432,-15.3101,207.566,17.5,2.339,10.1,331.43,1.91,0.7,31.2,7.876,1.1,62.05,1,0,1,0,1,1,0,1,0,1,1,1,0,0,0,0,1,0,0,0,0,0,1,0,0,0,0,0,0.413793560048066,26.7719999967,990.477742513,38.73,56,1.9,0.751360645517707,1.9,50.77797,20.4,0.1021,174,14.6978990485073,7.35421324701223,0.693147180559945,13.2213051368518,24
"71",39,42.3154,43.3569,65.032,38.7,14.864,4.2,496.218,7.11,5.3,55.5,92.2815,2.6,73.77,1,0,1,1,1,1,0,1,1,0,1,1,0,0,0,0,0,1,0,0,0,0,0,0,0,1,0,0,5.51492476514568,7.3648176,959.436725485,41.368,225,5.8,2.82902214676142,0.4,99.36426,24.9,7.1201,80,15.1990952512479,9.18462032926019,3.13549421592915,15.3751279856309,170
"72",34,51,9,237.016,46.6,21.453,1.05,156.139,8.31,28.2,33.1,96.0656,8,81.33,0,0,0,0,0,0,0,0,0,0,0,0,0,0,0,0,0,0,1,0,0,0,0,0,0,1,0,0,6.43321342770384,8.50445189182,713.499730401,22.688,79,10.4,8.73427838087082,0.1,96.567807,12.1,4.2488,7.3,18.2437519719204,10.719521279216,6.29156913955832,17.4760162831099,158
"73",34,7.9465,-1.0232,126.719,21.1,3.385,12,298.245,4.97,0.3,7.7,41.047,0.9,64.07,1,0,0,0,1,1,0,1,1,1,1,1,0,0,0,0,1,0,0,0,0,0,1,0,0,0,0,0,0.321823373999471,27.2517792583,1184.94458325,43.94,54,2.5,1.09192850068212,1.7,79.03964,20.8,0.1359,148,17.2518480950268,8.34963334251226,2.39789527279837,14.0714260260066,641
"74",45,36.1408,-5.3536,3457.1,35.5,16.7,0.75,0,0,22.63,28.61,90.4831,0,79.93,0,0,0,0,0,0,0,0,0,0,0,0,0,0,0,0,0,0,1,0,0,0,0,0,0,1,0,0,29.6815173191654,11.160576873733,914.0724751002,0,76.9,5.16,5.43257053941488,0.41,98.29462,13.56,3.9573,9.015,10.4250156994353,10.7327713275181,0.693147180559945,12.9403691848824,131
"75",37,39.0742,21.8243,83.479,45.3,20.396,1.5,175.695,4.55,35.3,52,94.3017,4.21,82.24,1,0,1,1,1,1,0,1,1,1,1,1,0,0,0,0,0,0,1,0,0,0,0,0,0,1,0,0,7.38746870399622,13.6555019825,668.223298315,20.942,111,4.7,4.83915023505688,0.2,97.93595,12.4,5.4789,4.5,16.1595309293816,10.1095004891468,4.35670882668959,17.2207995907269,1514
"76",40,71.7069,-42.6043,0.137,34.3,10.36,3.78,199.941,2.16,9.63,24.78,78.1987,0,71.7,0,0,0,0,0,0,0,0,0,0,0,0,0,0,0,0,0,0,0,1,0,0,0,0,0,1,0,0,264.21475375185,-0.2157653813652,725.5867865998,13.184,479.1,2.1,3.71168710291386,0.8,93.379062,18.72,4.14862,100,10.9468161395809,9.54980736757556,2.77258872223978,13.4196718647168,11
"77",40,12.1165,-61.679,317.132,29.4,7.304,1.91,243.964,10.71,5.33,19.65,82.3979,3.7,72.4,1,0,1,1,1,0,0,1,0,1,1,1,1,0,0,0,0,0,0,1,0,0,0,1,0,0,0,0,26.66216372346,23.1657996859849,1952.787260461,63.728,424,10.7,2.03113183379173,1.49,98.6,21.4,1.4067,2.1,11.6308862626038,9.51744830958173,1.38629436111989,12.1281165094513,20
"78",31,13.460143,144.784623,304.128,31.4,9.551,2.33,310.496,21.52,6.88,29.88,79.9606,0,80.07,0,0,0,0,0,0,0,0,0,0,0,0,0,0,0,0,0,0,0,0,1,0,0,0,0,0,0,1,29.6238365238205,25.33051300549,2529.123047673,5.22,98.7,18.7,3.7649573199451,0.37,94.110726,15.51,2.52881,49,12.0363750699216,10.7748266868188,1.79175946922805,14.2531207649766,133
"79",34,15.7835,-90.2308,157.834,22.9,4.694,8.7,155.898,10.18,3.82,21.6,76.665,0.6,74.3,1,1,1,1,1,1,0,1,0,1,1,1,0,0,0,0,0,0,0,1,0,0,0,1,0,0,0,0,16.2428573988197,23.0711796105,2606.3307323,48.946,105,10,2.08395887166262,0.4,81.2859,14.9,0.3549,26,16.7011806134935,8.9125821047507,5.67675380226828,14.392686123754,214
"80",43,49.449323,-2.58957,1031.569231,44.3,20.23,1.74,353.4343,3.562,19.37,34.45,81.0785,2.7162,0,0,0,0,0,0,0,0,0,0,0,0,0,0,0,0,0,0,0,1,0,0,0,0,0,0,1,0,0,29.8275964922747,7.853996437861,848.2782284715,17.0734,243.1,4.29,3.82405885495245,0.63,97.428497,23.31,3.54839,158.7,11.1132386304382,9.82644003564205,1.09861228866811,13.3789090399103,239
"81",45,9.9456,-9.6966,51.755,19,3.135,35.3,336.717,2.42,1.02,22.76,17.45,0.3,61.6,1,1,0,1,1,1,0,1,0,1,1,1,0,0,0,0,1,0,0,0,0,0,1,0,0,0,0,0,1.21832432890127,25.5476408976,1693.56318234,63.86,25,2.4,0.708300480619073,1.4,32.00384,22.4,0.0832,176,16.3906229426217,7.60086545885757,2.83321334405622,11.5028852300758,1163
"82",38,11.8037,-15.1804,66.191,19.4,3.002,67.1,382.474,2.42,1.21,23.41,6.403,0,58.32,1,0,1,1,0,1,0,1,0,1,1,0,0,0,0,0,1,0,0,0,0,0,1,0,0,0,0,0,4.06504478154957,26.608000373,1646.94893799,56.64,57.8,2.4,0.593177601695061,3.5,45.58116,20,0.1274,361,14.4925278484641,7.34580051050855,2.19722457733622,13.3308687698188,260
"83",48,5,-58.75,3.952,26.3,5.305,1.29,373.159,11.62,7.54,36.89,77.159,1.6,69.91,1,0,1,1,1,1,1,1,0,1,1,1,0,0,0,0,0,0,0,0,0,1,0,1,0,0,0,0,148.74917202651,25.7953635703,2364.6864846,73.394,260,11.6,2.96171791851521,1.4,85.63973,30.5,0.8023,83,13.5754242859198,8.91409466942383,4.77068462446567,12.5672409790562,75
"84",39,18.9712,-72.2852,398.448,24.3,4.8,23.5,430.548,6.65,2.9,23.1,22.863,0.7,64,1,0,1,1,0,0,0,1,0,1,1,1,0,0,0,0,0,0,0,1,0,0,0,1,0,0,0,0,1.22779736747966,24.4750768223,1480.20113431,44.722,96,6.7,0.95270462334156,2,61.69135,26.5,0.2343,176,16.2493461693658,7.41105646503537,2.70805020110221,13.0103161107297,74
"85",83,41.9029,12.4534,1371.186441,41.21,17.7131,3.5,264.9251,4.721,20.51,31.34,87.6724,2.6667,75.12,0,0,0,0,0,0,0,0,0,0,0,0,0,0,0,0,0,0,1,0,0,0,0,0,0,1,0,0,654.843816094317,10.639891147062,879.9238962242,21.4394,268.1,4.81,4.12097265012562,0.62,97.919828,18.22,3.89626,61.5,6.69703424766648,10.3498810496754,1.69074660489223,13.3072807694726,12
"86",36,15.2,-86.2419,82.805,24.9,4.652,16,240.208,7.21,2,0,84.169,0.7,75.27,1,1,1,1,1,1,0,1,0,1,0,1,1,0,0,0,0,0,0,1,0,0,0,1,0,0,0,0,10.3992000491085,23.3860833383,1945.7580329,42.904,153,7.3,3.15048806369305,0.3,87.20524,14,0.3089,37,16.108510762323,8.42129774037411,4.64439089914137,13.654168582643,426
"87",35,47.1625,19.5033,108.043,43.4,18.577,0.5,278.296,7.55,26.8,34.8,96.8337,7.02,76.88,1,0,1,0,1,1,0,1,1,1,1,1,1,1,0,1,0,0,1,0,0,0,0,0,0,1,0,0,4.24415264457292,10.0614477293,571.754958413,28.649,186,6.9,4.72910590469837,0.1,99.1,23,3.4075,6.4,16.0835405409323,10.1953568836715,3.73766961828337,16.6806785184707,895
"88",31,64.9631,-19.0208,3.404,37.3,14.431,0.2,117.992,5.31,14.3,15.2,92.8314,2.91,82.99,1,0,0,0,1,1,0,1,0,1,1,1,0,1,0,0,0,0,1,0,0,0,0,0,0,1,0,0,281.318681318681,1.35140862333,1039.82120895,6.187,47,5.8,6.81328549981117,0.1,99.571772,9.1,4.0778,2.7,12.7403735558799,10.7468625428057,4.57471097850338,14.6672845284641,1135
"89",63,21,78,450.419,28.2,5.989,21.2,282.28,10.39,1.9,20.6,59.55,0.53,69.66,1,0,0,0,1,1,0,1,1,1,1,1,1,0,0,0,0,1,0,0,0,0,0,0,0,0,1,0,0.25072384099707,23.9454341886,1072.21725144,65.97,30,10.4,0.95910569652915,0.34,74.37299,23.3,0.8571,199,21.0453525143713,8.76836800995216,5.84932477994686,16.6733017878004,1965
"90",37,-0.7893,113.9213,145.725,29.3,5.319,5.7,342.864,6.32,2.8,76.1,64.204,1.04,71.72,1,0,0,0,0,1,0,0,1,0,0,1,0,0,0,0,0,1,0,0,0,0,0,0,0,0,1,0,2.46048219725784,25.7189700845,2801.53519982,44.675,59,6.3,1.44590092822909,0.4,95.65856,26.4,0.4269,316,19.4268985453837,9.32275292347502,6.51323011091231,16.5761532724368,2956
"91",31,32,53,49.831,32.4,5.44,0.2,270.308,9.59,0.8,21.1,81.6746,1.5,76.68,0,0,0,0,1,1,1,0,1,1,0,1,0,0,0,0,0,1,0,0,0,0,0,0,1,0,0,0,3.79793766746122,16.9265578448,227.358172341,25.102,284,9.6,4.43784445524216,0.1,85.54425,14.8,1.5844,14,18.246243472337,9.85658565446961,5.76832099579377,15.8026998770192,20610
"92",34,33,44,88.125,20,3.186,2.5,218.612,8.83,3.18,32.98,94.576,1.4,70.6,1,0,1,1,0,1,0,1,1,1,0,1,0,0,1,0,0,1,0,0,0,0,0,0,1,0,0,0,2.53589389998927,21.5799935738,196.33566282,29.527,110,8.8,1.74417365342379,0.18,85.6,21.3,0.7079,42,17.5099371979541,9.6591833096738,4.63472898822964,15.6929318886181,547
"93",33,53.1424,-7.6921,69.874,38.7,13.928,0.2,126.459,3.28,23,25.7,95.4209,2.96,82.3,1,0,1,0,1,0,0,1,1,1,1,0,0,0,0,0,0,0,1,0,0,0,0,0,0,1,0,0,8.10078018613973,9.10792435892,1110.62860932,36.83,88,3.2,5.26579618453979,0.2,99.451613,10.3,3.3125,7,15.4124298382812,11.1174546421948,3.71357206670431,16.2066559194626,3849
"94",33,54.2361,-4.5481,147.872,44.6,21.08,1.92,0,0,19.63,28.99,85.8175,0,81.4,0,0,0,0,0,0,0,0,0,0,0,0,0,0,0,0,0,0,1,0,0,0,0,0,0,1,0,0,11.7602784833945,10.216638843588,1090.4245302281,47.412,64.9,4.68,5.574084604159,0.37,97.85081,10.24,1.449,4.22,11.3507946954227,10.6702228485913,0.693147180559945,13.7168159616153,307
"95",39,31,35,402.606,30.6,11.733,0.5,93.32,6.74,15.4,35.4,95.8388,2.99,82.97,1,0,1,0,1,0,0,1,1,1,1,1,1,0,0,0,0,1,0,0,0,0,0,0,0,1,0,0,5.43004764231375,19.6980002257,248.689445496,7.58199999999999,223,9.7,4.71300445497036,0.2,97.308664,9.6,4.6249,4,15.9737103673931,10.408294701562,3.87120101090789,15.2316066529805,4831
"96",53,43,12,205.859,47.9,23.021,2,113.151,4.78,19.8,27.8,83.0367,3.18,83.51,1,0,1,0,1,1,1,1,1,1,1,1,0,1,1,1,0,0,1,0,0,0,0,0,0,1,0,0,2.13357756897459,11.5006942985,930.193617321,29.562,106,5,6.53272047638893,0.3,99.15576,9.5,3.9774,7,17.9175227982639,10.4694001595436,4.86753445045558,17.9356398354025,53578
"97",35,18.1096,-77.2975,266.879,31.4,9.684,3.07,206.537,11.28,5.3,28.6,66.425,1.7,74.47,1,1,1,1,0,1,0,1,1,1,0,1,0,0,0,0,0,0,0,1,0,0,0,1,0,0,0,0,9.45575063294431,24.4689998625,2114.18426514,44.326,152,11.3,3.8744006305933,1.9,88.1,14.7,1.3061,2.9,14.9010923168333,9.01122714081439,3.36729582998647,14.7209429508706,72
"98",44,36,138,347.778,48.2,27.049,1.43,79.37,5.72,11.2,33.7,81.1438,13.05,84.63,0,0,1,0,0,1,0,1,0,0,0,1,0,0,0,0,0,1,0,0,0,0,0,0,0,0,0,1,1.38365671182854,10.3627259421,1603.75715293,8.384,51,5.6,9.19630154967308,0.1,97.310248,8.4,2.4115,14,18.6555667539524,10.5713995627228,5.17048399503815,17.2556722417041,187
"99",37,49.217263,-2.135215,845.7991632,37.5,17.05,2.36,327.6591,3.446,18.05,31.81,80.5557,2.827,0,0,0,0,0,0,0,0,0,0,0,0,0,0,0,0,0,0,0,1,0,0,0,0,0,0,1,0,0,9.89383910638845,7.486065995654,848.2782284715,27.2168,233.6,4.22,3.86104480363429,0.54,97.877202,24.44,3.89896,117.6,11.5236082008167,9.62813913390317,0.693147180559945,13.2114132937507,223
"100",44,31.24,36.51,109.285,23.2,3.81,0.1,208.257,11.75,9.38,31.92,75.4663,1.4,74.53,1,0,1,1,1,1,0,1,1,1,1,1,1,0,1,1,0,1,0,0,0,0,0,0,1,0,0,0,1.7641627969429,18.3528284894,102.305693981,9.021,95,12.7,3.63746806979179,0.1,98.22711,19.2,2.3237,5,16.1382061720268,9.02863742380445,2.94443897916644,15.2386191331707,397
"101",32,48.0196,66.9237,6.681,30.6,6.991,0.1,466.792,7.11,7,43.1,98.999,6.7,73.6,0,0,1,0,1,0,0,1,1,0,1,0,1,0,0,1,0,1,0,0,0,0,0,0,0,1,0,0,5.11271758141617,5.98787051356,252.264985559,42.572,295,6.1,1.94026026874781,0.2,99.78163,26.8,3.98,68,16.7481277235141,10.0881641673361,4.57471097850338,15.9890116113254,1275
"102",38,-0.0236,37.9062,87.324,20,2.686,36.8,218.637,2.92,1.2,20.4,24.651,1.4,66.7,0,0,1,1,1,1,0,1,1,1,1,1,0,0,0,0,1,0,0,0,0,0,1,0,0,0,0,0,3.66366444553135,24.4994652948,678.112942292,72.97,121,3.1,2.05257199704647,4.7,81.53497,13.4,0.1565,292,17.8002504441413,8.00437491697325,5.28826703069454,14.1259328505231,281
"103",31,29.5,47.75,232.128,33.7,2.345,0.33,132.235,15.84,2.7,37,83.8625,2,75.49,1,0,1,1,1,1,1,1,0,1,0,1,0,0,1,0,0,1,0,0,0,0,0,0,1,0,0,0,1.63912814305748,25.1534998425,108.586813929,0,137,12.2,4.62386049330235,0.1,96.05647,17.4,2.6463,23,15.2672564607916,11.0902867866646,2.07944154167984,15.9565175728387,208
"104",32,41.2044,74.7661,32.333,26.3,4.489,1.4,436.362,7.11,3.6,50.5,89.22,4.5,71.45,1,0,1,1,1,1,0,1,1,0,1,1,0,0,0,0,0,1,0,0,0,0,0,0,0,1,0,0,4.29171984695114,1.09305612341,390.721465526,63.649,181,6.1,2.34767459332943,0.2,99.586,24.9,2.213,116,15.6910276720877,8.12990409426326,3.36729582998647,12.9551298220918,554
"105",38,19.85627,102.495496,29.715,24.4,4.029,22.7,368.111,4,7.3,51.2,49.839,1.5,67.92,1,0,0,0,1,1,0,1,1,1,1,1,0,0,0,0,0,1,0,0,0,0,0,0,0,0,0,1,5.63530814689627,23.2174666595,1758.34740397,64.996,69,6.4,0.888554286211729,0.3,84.66104,27,0.3726,162,15.8000309316649,8.76379698651012,3.73766961828337,15.1425858246761,19
"106",38,56.8796,24.6032,31.212,43.9,19.754,0.7,350.06,4.91,25.6,51,91.9071,5.57,75.29,1,0,1,0,1,1,0,1,0,1,1,1,0,0,0,0,0,0,1,0,0,0,0,0,0,1,0,0,22.2669682250363,5.62662572943,638.870309012,31.858,304,5,3.40323522686958,0.4,99.88931,21.9,3.1905,29,14.4500763715901,10.1292215856532,3.76120011569356,14.4812870556026,577
"107",38,33.8547,35.8623,594.561,31.1,8.514,0.34,266.591,12.71,26.9,40.7,82.1089,2.9,78.93,1,0,1,1,1,1,0,1,0,1,1,1,0,0,0,0,0,1,0,0,0,0,0,0,1,0,0,0,1.17208526568682,15.61349988,721.112487793,11.407,118,11.2,4.09953109920025,0.1,95.06944,17.9,2.1038,11,15.7361678053537,9.5006613344928,2.19722457733622,14.4904942770614,446
"108",48,6.4281,-9.4295,49.127,19.2,3.057,38.6,272.509,2.42,1.5,18.1,1.188,0.8,64.1,1,0,1,1,1,1,0,1,1,1,1,1,0,0,0,0,1,0,0,0,0,0,1,0,0,0,0,0,5.73385765836767,25.2524195026,2460.08025139,48.849,46,2.4,1.40308914706111,1.3,48.30136,17.6,0.0376,308,15.4364180426593,6.62511116136432,3.40119738166216,12.7485771432534,158
"109",36,26.3351,17.228331,3.623,29,4.424,0.85,341.862,10.43,7.51,45.55,81.2133,3.7,72.91,1,1,0,0,1,1,0,1,0,1,1,0,1,0,0,0,1,0,0,0,0,0,0,0,1,0,0,0,21.247839014729,21.8999695205,45.9772740284,19.898,81,10.2,3.82936373353004,0.2,86.32224,20.1,2.0905,40,15.742862128431,9.79157836326775,4.99043258677874,14.6705493879026,61
"110",42,47.14,9.55,237.012,43.7,17.5,0.44,0,7.77,18.59,22.59,92.6224,2.397,82.49,1,0,1,0,1,0,0,1,0,1,0,1,0,0,0,1,0,0,1,0,0,0,0,0,0,1,0,0,218.649088955238,11.746915033811,971.0384013438,85.662,24,9.4,5.19859597086906,0.12,98.138367,11.73,3.32199,4.9,10.5489664393946,10.7687338084374,1.58257306306022,11.3539414567405,81
"111",46,55.1694,23.8813,45.135,43.5,19.002,0.7,342.989,3.67,21.3,38,80.1042,6.56,75.93,1,1,1,0,1,1,1,1,0,1,1,1,0,0,0,0,0,0,1,0,0,0,0,0,0,1,0,0,22.4075971305052,6.24490510462,651.721643692,32.321,329,3.8,4.22698482871056,0.5,99.8156,20.7,6.3528,44,14.8169847305033,10.2930016164698,4.12713438504509,14.8540192765449,1070
"112",40,49.8153,6.1296,231.447,39.7,14.312,0.2,128.275,4.42,20.9,26,92.1946,4.51,82.25,1,0,1,0,1,0,0,1,1,1,1,1,0,0,0,0,0,0,1,0,0,0,0,0,0,1,0,0,3.19501067133564,8.88189983,848.8059082,9.01900000000001,122,5,4.65104691684246,0.3,99.466454,10,3.009,8,13.3470689081932,11.4540133790518,1.09861228866811,13.8333514584104,3115
"113",31,-18.7669,46.8691,43.951,19.6,2.929,77.6,405.994,3.94,3.01,32.08,50.54,0.2,67.04,1,1,1,1,1,1,0,0,1,1,1,1,0,0,0,0,1,0,0,0,0,0,1,0,0,0,0,0,2.9973617077797,22.013568481,1475.67599208,62.809,87,4.5,2.57938224822283,0.3,74.80432,22.9,0.1812,233,17.1366187308717,7.25660770666372,4.43081679884331,12.5810819825738,121
"114",38,-13.254308,34.301525,197.519,18.1,2.979,71.4,227.349,3.94,4.4,24.7,8.704,1.3,64.26,0,0,1,0,1,1,0,1,0,1,1,1,0,0,0,0,1,0,0,0,0,0,1,0,0,0,0,0,1.67276922501909,21.9787631789,1112.29100278,83.063,76,4.5,2.95680090785027,9.2,62.14354,16.4,0.0358,181,16.7667660413615,6.99946078794161,3.49650756146648,13.6773984039396,56
"115",39,2.5,112.5,96.254,29.9,6.293,0.1,260.942,16.74,1,42.4,86.1065,1.9,76.16,0,0,0,0,1,0,0,0,0,0,0,0,0,0,0,0,0,1,0,0,0,0,0,0,0,0,0,1,3.5222148873642,25.1388380873,2992.79301293,23.964,132,16.7,1.95242054760456,0.4,94.85441,17.2,1.5358,92,17.2926190161623,10.1964990483492,4.74493212836325,17.0671246301319,36
"116",37,3.2028,73.2207,1454.433,30.6,4.12,1.74,164.905,9.19,2.1,55,95.803,0,78.92,1,0,1,1,1,1,0,1,0,0,1,0,0,0,0,0,0,1,0,0,0,0,0,0,0,0,1,0,16.6499550451214,24.2535574014,2611.003217436,60.192,307,9.2,6.45244047045708,0.42,97.73495,13.4,4.5627,33,13.2003294688637,9.62803808904683,2.30258509299405,14.2102523765637,20
"117",32,17.570692,-3.996166,15.196,16.4,2.519,40.24,268.024,2.42,1.6,23,52.232,0.1,59.31,1,0,1,1,1,1,0,1,0,0,1,1,0,0,0,0,1,0,0,0,0,0,1,0,0,0,0,0,1.23451705742094,28.2998735354,303.009144715,57.644,36,2.4,1.325374096632,1.4,35.47377,24.6,0.1286,53,16.8237065852346,7.60852632389325,3.25809653802148,9.54688403461792,389
"118",35,35.9375,14.3754,1454.037,42.4,19.426,0.2,168.711,8.83,20.9,30.2,89.3753,4.485,82.53,0,0,1,0,1,1,0,1,0,1,0,1,0,0,0,1,0,0,1,0,0,0,0,0,0,1,0,0,2.26480560041129,14.650474179502,849.7178235558,5.38800000000001,145,8.3,5.89119866490364,0.27,94.50319,10.8,2.8598,14,12.9980238951487,10.5054598735564,0.693147180559945,14.7706376983869,350
"119",91,21.0079,10.9408,4.289,20.3,3.138,6,232.347,2.42,3.49,16.44,15.95,0,64.92,1,0,1,0,1,1,0,0,0,1,0,1,0,0,0,0,1,0,0,0,0,0,1,0,0,0,0,0,6.45208466855641,27.6928972352,90.0047551118,46.328,45,7.1,1.70846786350012,0.2,53.49759,18.1,0.1865,93,15.3523048716802,8.18830933010924,3.43398720448515,13.0809956102617,1439
"120",31,-20.2,57.5,622.962,37.4,10.945,0.5,224.644,22.02,3.2,40.7,81.0618,3.4,74.99,0,0,0,1,0,0,0,0,1,1,0,1,0,0,0,0,1,0,0,0,0,0,1,0,0,0,0,0,3.93153777382178,23.12700081,1953.0168457,59.207,202,22,2.45145745575428,1.3,91.32539,22.6,2.5331,13,14.05591861631,9.91806798946985,1.79175946922805,14.1512689684436,324
"121",42,23.6345,-102.5528,66.444,29.3,6.857,2.5,152.783,13.06,6.9,21.4,87.847,1.38,75.05,1,1,1,0,0,1,0,1,1,1,1,0,0,0,0,0,0,0,0,1,0,0,0,1,0,0,0,0,13.2937516660332,20.5446931517,738.139128273,19.844,210,13.5,2.84170582890511,0.2,95.37991,15.7,2.3827,23,18.674801539587,9.76062527658977,7.44716835960004,17.5366878025828,3181
"122",49,43.7333,7.4167,19347.5,55.4,35.15,1.04,0,5.46,30.28,36.47,89.4029,13.8,86.75,0,0,0,0,0,0,0,0,0,0,0,0,0,0,0,0,0,0,1,0,0,0,0,0,0,1,0,0,30.2368163716306,10.770142251339,1002.6630848434,0,73,2.9,1.41291478648782,0.47,98.449162,10.76,7.5067,0,10.5775793265609,11.0569008093735,1.27328346085945,12.7570829407692,68
"123",40,46.8625,103.8467,1.98,28.6,4.031,0.5,460.043,4.82,5.5,46.5,71.18,7,69.87,1,1,0,0,1,1,0,1,1,1,0,1,0,0,0,1,0,1,0,0,0,0,0,0,0,0,0,1,13.4216232111112,-0.499043690351,227.231938367,31.555,287,4.7,2.4689519777894,0.1,98.42312,30.2,2.8592,428,15.002833418062,9.37939480844712,3.80666248977032,13.1787456011978,32
"124",31,42.5,19.3,46.28,39.1,14.762,1,387.305,10.08,44,47.9,92.0704,3.861,76.88,1,0,1,1,1,1,0,1,1,1,0,1,0,0,0,1,0,0,1,0,0,0,0,0,0,1,0,0,7.9609974811404,7.90694991667,1227.18247477,33.187,208,9,4.27679140120745,0.1,98.84718,20.6,2.7557,15,13.3503957588901,9.70566373420436,1.79175946922805,14.5464355843218,303
"125",56,16.7425,-62.1874,49.00980392,34.8,6.55,6.19,180.5129,2.242,4.71,23.24,77.685,0.29,74.16,0,0,0,0,0,0,0,0,0,0,0,0,0,0,0,0,0,0,0,1,0,0,0,1,0,0,0,0,200.0400080016,26.01502620926,1888.506472274,42.1749,487,6.02,3.50477274507284,1.55,95.322899,19.26,2.22591,59.59,8.51719319141624,9.91517133626976,0.693147180559945,12.8103696456449,11
"126",41,31.7917,-7.0926,80.08,29.6,6.769,1,419.146,7.14,0.8,47.1,80.001,1.1,76.68,1,1,1,0,1,1,1,1,1,1,1,0,0,0,0,0,1,0,0,0,0,0,0,0,1,0,0,0,1.49008855406629,17.2250961033,322.266544538,37.547,220,7,2.25047077983618,0.1,73.75001,12.4,0.7308,99,17.4240082198387,8.92079162503781,4.02535169073515,16.3242151926403,1617
"127",39,-18.6657,35.5296,37.728,17.7,3.158,62.9,329.942,3.3,5.1,29.1,12.227,0.7,60.85,1,1,1,1,1,0,0,0,0,1,1,1,0,1,0,0,1,0,0,0,0,0,1,0,0,0,0,0,3.13545468172175,23.6893595864,1007.80579276,64.012,65,3.3,1.47562064230442,12.6,60.65543,18.4,0.0838,551,17.2577038710188,7.03623907891758,4.59511985013459,14.824563134484,76
"128",35,21.9162,95.956,81.721,29.1,5.732,6.4,202.104,4.61,6.3,35.2,79.287,0.9,67.13,1,0,0,0,0,1,0,1,0,0,1,1,0,0,0,1,0,1,0,0,0,0,0,0,0,0,1,0,1.17625881840317,22.956920878,2007.70073428,69.421,120,3.9,0.689848139882088,0.8,75.5512,24.2,0.677,338,17.8120547507652,8.62919903787189,4.17438726989564,15.082740093536,146
"129",44,-22.9576,18.4904,3.078,22,3.552,13.4,243.811,3.94,9.7,34.2,44.6,0,63.71,1,0,1,0,1,1,0,1,1,1,1,1,0,0,0,0,1,0,0,0,0,0,1,0,0,0,0,0,44.0785921297674,20.0380348544,273.831201087,49.968,191,4.5,3.94567362964153,11.8,91.52727,21.3,0.4182,524,14.7480355974634,9.16354306075556,4.72738781871234,14.2203094441959,16
"130",109,28.1667,84.25,204.43,25,5.809,15,260.797,7.26,9.5,37.8,47.782,0.3,70.78,1,0,0,0,1,1,1,1,1,0,0,1,1,0,0,0,0,1,0,0,0,0,0,0,0,0,1,0,1.61307992282477,12.7439404148,1406.41177368,80.26,48,7.2,1.24062346294522,0.1,67.90843,21.8,0.7486,151,17.1875128469012,7.80131112067624,3.87120101090789,13.9750759801502,121
"131",32,52.1326,5.2913,508.544,43.2,18.779,0.28,109.361,5.29,24.4,27.3,94.8698,3.32,82.28,0,0,1,0,1,0,0,1,0,1,1,1,0,0,0,0,0,0,1,0,0,0,0,0,0,1,0,0,1.69245491343881,9.2017376425,766.068878174,8.51000000000001,82,5.4,6.50473237037659,0.2,99.523831,11.2,3.6054,5.3,16.6566263598935,10.7887734641885,3.40119738166216,16.7483030849925,10866
"132",35,-20.9043,165.618,15.342,33.4,9.954,1.67,0,23.36,6.15,23.3,78.374,0,77.55,0,0,0,0,0,0,0,0,0,0,0,0,0,0,0,0,0,0,0,0,1,0,0,0,0,0,0,1,87.5684347317429,21.9649998333,1456.20668538,29.317,246.9,21.8,3.52181931957603,0.51,97.8,16.39,2.51519,15,12.5619692866698,10.9790976105841,3.25809653802148,11.6952553550628,18
"133",47,-40.9006,174.886,18.206,37.9,15.322,0.63,128.797,8.08,14.8,17.2,82.6126,2.61,82.29,1,0,1,0,1,1,0,1,1,1,1,1,0,0,0,1,0,0,0,0,1,0,0,0,0,0,0,1,25.5068554339867,9.975832156,1790.94567393,13.462,192,6.2,6.91932514309883,0.1,97.944239,10.1,3.5898,7.3,15.3887478641277,10.4936836180556,4.82028156560504,15.1200526885087,1078
"134",63,12.8654,-85.2072,51.667,27.3,5.445,3.2,137.016,11.47,3.41,24.26,79.4258,0.9,74.48,1,0,0,0,1,1,0,0,0,0,0,1,0,0,0,0,0,0,0,1,0,0,0,1,0,0,0,0,22.1901731044837,24.5887827261,2406.96939485,41.478,153,11.4,5.02174384891987,0.2,82.61455,14.2,0.9775,41,15.7062937577692,8.57968787534075,4.99721227376411,14.0434434221883,279
"135",37,17.6078,8.0817,16.955,15.1,2.553,44.5,238.339,2.42,0.1,15.4,8.978,0.3,62.42,1,1,1,1,1,1,0,1,0,1,1,1,0,0,0,0,1,0,0,0,0,0,1,0,0,0,0,0,1.23932957888077,27.2387295245,160.803172125,83.575,42,2.4,2.58716978132725,0.3,30.56039,20,0.0433,87,17.0021374097239,6.83195356556585,3.43398720448515,11.9640074537369,681
"136",49,9.082,8.6753,209.588,18.1,2.751,33.88,181.013,2.42,0.6,10.8,41.949,0,54.69,0,0,1,1,0,1,0,1,1,1,1,1,0,0,0,0,1,0,0,0,0,0,1,0,0,0,0,0,0.261958417526082,26.7822145517,1138.53188956,49.656,32,3.1,0.532657699659467,1.5,62.01601,22.5,0.3806,219,19.1440641089292,8.58287867953563,4.00733318523247,12.6083075585384,373
"137",46,41.6086,21.7453,82.6,39.1,13.26,5,322.688,10.08,19.27,37.06,86.4812,4.28,75.8,1,0,0,1,0,0,0,1,0,1,1,1,0,0,0,0,0,0,1,0,0,0,0,0,0,1,0,0,4.79989248240839,9.85351818182,632.503834118,42.037,134.5,9.3,4.08303588628769,0.1,97.8,20.3,2.8736,13,14.5495026127827,9.48129944121787,2.39789527279837,13.4687873593049,828
"138",39,15.135168,145.699249,119.878,32.8,7.23,2.32,194.994,0,5.07,25.89,82.3846,0,76.74,0,0,0,0,0,0,0,0,0,0,0,0,0,0,0,0,0,0,0,0,1,0,0,0,0,0,0,1,85.4910995082925,26.2098152801,2396.028030087,8.38200000000001,196.2,5.27,3.5189295001328,0.41,95.911026,18.85,2.27071,95,10.960548414046,10.3102436563635,2.0187885191124,13.1558000877247,15
"139",33,60.472,8.4689,14.462,39.7,16.821,0.2,114.316,5.31,19.6,20.7,85.3937,3.6,82.4,1,0,1,0,1,0,1,0,0,1,1,1,0,0,0,0,0,0,1,0,0,0,0,0,0,1,0,0,17.5236597074988,0.753892465738,1051.84074138,17.752,72,5.3,8.92880782485008,0.1,99.563811,9.2,2.9164,4.1,15.5058356829158,11.0790771939357,4.56434819146784,15.5538694262739,4102
"140",30,31.9522,35.2332,778.202,20.4,3.043,1,265.91,10.59,5.65,31.61,76.8541,0,74.05,1,0,1,0,1,0,0,1,1,1,1,1,0,0,0,0,0,1,0,0,0,0,0,0,1,0,0,0,3.23631314487713,18.47082363317,116.77963333838,23.836,255.6,9.5,2.6273612305522,0.33,97.21861,18.62,1.9697,0.77,15.4450289022406,8.40086115255467,2.27625771447844,13.3146369152151,205
"141",37,21,57,14.98,30.7,2.355,0.1,266.342,12.61,0.5,15.6,97.4,1.6,77.86,1,0,1,1,0,1,0,1,0,1,1,1,0,0,1,0,0,1,0,0,0,0,0,0,1,0,0,0,25.8487900612186,25.454102757,88.2071067955,15.461,61,10.1,3.37728224694729,0.2,95.65153,17.8,2.0031,5.9,15.4460488826582,10.5443332727853,4.89034912822175,14.6488548036111,210
"142",42,30.3753,69.3451,255.573,23.5,4.495,4,423.031,8.35,2.8,36.7,59.607,0.6,67.27,0,0,1,0,1,1,1,1,0,1,1,1,0,0,0,0,0,1,0,0,0,0,0,0,1,0,0,0,0.683590957261436,19.9810149025,301.017805117,63.334,39,19.9,0.915535353124142,0.1,59.13205,24.7,0.9801,265,19.2131859552482,8.52430941095737,5.02388052084628,14.6441192777596,4183
"143",31,8.538,-80.7821,55.133,29.7,7.918,2.2,128.346,8.33,2.4,9.9,75.5473,2.3,78.51,1,0,1,1,1,1,1,1,0,1,0,1,0,0,0,0,0,0,0,1,0,0,0,1,0,0,0,0,27.1161740329955,24.7223333512,2487.02656047,32.291,411,7.7,4.38573360443115,0.9,95.41181,13,1.5687,52,15.2775543468836,10.0109076108792,4.77068462446567,14.3949295334198,2528
"144",39,-23.4425,-58.4438,17.144,26.5,6.378,1.7,199.128,8.27,5,21.6,79.602,1.3,74.25,1,1,1,1,1,1,0,1,1,1,1,1,0,0,0,0,0,0,0,0,0,1,0,1,0,0,0,0,112.021961351722,23.4801900351,1093.89459594,38.415,118,9.6,3.02581451833248,0.5,94.0208,17.5,1.3544,43,15.7801767083625,9.08568490013539,6.68461172766793,13.9818729419192,161
"145",33,-9.19,-75.0152,25.129,29.1,7.151,3.5,85.755,5.95,4.8,0,67.7581,1.6,76.74,1,1,1,1,1,1,0,1,1,1,1,1,0,0,0,1,0,0,0,0,0,1,0,1,0,0,0,0,5.79282094184232,19.4565089518,1513.24211891,22.093,202,6.6,3.16451340913773,0.3,94.40827,12.6,1.3048,123,17.3111646341036,9.41227712020066,5.25749537202778,15.3014242104084,2954
"146",67,13,122,351.873,25.2,4.803,1.2,370.437,7.07,7.8,40.8,78.463,1,71.23,1,0,1,1,1,0,0,1,1,1,1,1,1,1,0,1,0,1,0,0,0,0,0,0,0,0,0,1,2.25403864179662,25.3266741931,2317.59269526,53.093,111,7.1,1.41886975616217,0.1,98.18255,26.8,0.6004,554,18.5121753445931,8.93592826281058,5.51342874616498,15.7851373731458,3246
"147",32,51.9194,19.1451,124.027,41.8,16.763,0.2,227.331,5.91,23.3,33.1,93.7604,6.62,78.73,1,1,1,1,1,1,0,1,1,1,1,1,0,0,0,0,0,0,1,0,0,0,0,0,0,1,0,0,3.32922860584192,7.86883191521,600.659095624,39.942,217,6.1,4.51180674135685,0.19,99.130658,18.7,2.3788,16,17.4490518640782,10.2116134069946,4.84418708645859,16.7921619946687,4102
"148",33,39.3999,-8.2245,112.371,46.2,21.502,0.5,127.842,9.85,16.3,30,88.519,3.39,82.05,1,0,1,0,1,1,0,1,1,1,1,0,0,0,0,0,0,0,1,0,0,0,0,0,0,1,0,0,6.27653614054027,14.9703808743,835.346832275,34.789,136,9.8,5.9428621083498,0.5,96.13759,11.1,5.124,24,16.1375754810631,10.2377393257521,4.17438726989564,16.5996572908196,9886
"149",35,18.231316,-66.460258,376.232,38.2,15.168,1.49,108.094,12.9,8.22,24.03,82.3723,0,80.1,0,0,0,0,0,0,0,0,0,0,0,0,0,0,0,0,0,0,0,1,0,0,0,1,0,0,0,0,10.1368828735616,24.27766673,2126.0209554,6.422,690.8,13.7,4.85274842008949,1.39,92.39,14.37,3.01856,0.95,14.8666261955141,10.4644073470282,3.40119738166216,14.9365367674145,1068
"150",35,25.3548,51.1839,227.322,31.9,1.307,0.61,176.69,16.52,0.8,26.9,91.8848,1.2,80.23,0,0,1,0,0,1,0,1,1,1,0,1,0,0,0,0,0,1,0,0,0,0,0,0,1,0,0,0,2.08256683304062,26.9173336033,65.2212638867,0.864999999999995,60,15.6,2.10516639053822,0.29,93.46397,15.3,2.4852,31,14.8736691870463,11.6693871865678,1.94591014905531,14.4139629193467,1075
"151",41,36,128,527.967,43.4,13.914,0.2,85.998,6.8,6.2,40.9,83.9361,12.27,83.03,0,0,0,0,0,0,0,0,0,1,0,0,0,0,0,0,0,1,0,0,0,0,0,0,0,0,0,1,2.1650432775572,10.6598023119,1344.7313494,18.541,99,6.9,4.36290092766285,0.41,96.797222,7.8,2.3608,66,17.752600427893,10.4895887422671,4.71849887129509,16.5464306383165,3150
"152",36,47.4116,28.3699,123.655,37.6,10.864,0.2,408.502,5.72,5.9,44.6,86.979,5.8,71.9,1,0,1,0,1,1,0,1,1,1,1,0,0,0,0,1,0,0,1,0,0,0,0,0,0,1,0,0,1.73526628776714,9.66717493563,538.892749786,57.371,188,5.7,3.5497460514307,0.6,99.35989,24.9,3.2066,86,15.2102600733117,8.55467624186161,2.07944154167984,11.9829353441964,1560
"153",40,45.9432,24.9668,85.129,43,17.85,5.7,370.946,9.74,22.9,37.1,83.8239,6.892,76.05,1,0,1,1,0,1,0,1,1,1,1,1,0,0,0,1,0,0,1,0,0,0,0,0,0,1,0,0,2.33915915649297,8.81124552491,642.208362579,46.002,155,6.9,4.0533933788538,0.1,98.8445,21.4,2.9807,68,16.7723815697546,10.0568178530872,3.8286413964891,16.2768074274374,3864
"154",70,60,90,8.823,39.6,14.178,0.1,431.297,6.18,23.4,58.3,87.3772,8.05,72.58,1,0,1,1,1,1,0,1,1,0,1,1,0,0,0,1,0,0,1,0,0,0,0,0,0,1,0,0,8.34621240247163,-6.32129447871,434.795213565,25.567,475,6.1,3.05115282535553,0.77,99.73006,25.4,4.0139,54,18.7986681816278,10.1172655435855,7.10578612948127,17.0162631853043,11917
"155",32,-1.9403,29.8739,494.869,20.3,2.974,56,191.375,4.28,4.7,21,4.617,0,69.02,1,0,0,0,0,1,0,1,1,1,1,1,0,0,0,0,1,0,0,0,0,0,1,0,0,0,0,0,0.54044835131984,19.011899947,1162.80355835,82.789,492,5.1,2.25612297654152,2.5,73.21559,18.2,0.134,59,16.3767769879203,7.52575371520361,2.07944154167984,13.2461744595854,136
"156",41,17.357822,-62.782998,212.865,36.5,10,1.64,0,12.84,4.22,21.98,90.0575,2.3,76.23,1,1,1,0,1,0,0,0,0,1,1,0,0,0,0,0,0,0,0,1,0,0,0,1,0,0,0,0,37.5996390434652,21.347457128987,1712.3975207203,69.224,714,13.3,2.34724264591932,1.73,96.874281,18.28,2.6758,0,10.8816820877251,10.1127506140301,1.09861228866811,11.7360770162524,15
"157",47,13.9094,-60.9789,293.187,34.9,9.721,3.21,204.62,11.62,4.29,20.06,87.202,1.3,76.2,1,0,1,1,1,0,0,1,0,1,1,1,0,0,0,0,0,0,0,1,0,0,0,1,0,0,0,0,10.8915258483137,25.63039173071,2026.003385905,81.322,317,11.6,2.22526714205742,1.56,89.860528,18.8,0.6409,3.2,12.1206781425132,9.46907027090001,1.09861228866811,12.8866435755256,17
"158",58,12.9843,-61.2872,281.787,31.8,7.724,4.27,252.675,11.62,3.9,22.46,78.603,2.6,72.53,0,0,1,0,0,0,0,0,0,1,0,1,0,0,0,0,0,0,0,1,0,0,0,1,0,0,0,0,54.0798759768178,26.81999969,1585.97009277,47.802,376,11.6,2.88701932877302,1.67,91.959748,23.2,0.6648,6.3,11.6168169020604,9.28062603411574,1.94591014905531,11.2897944135779,17
"159",34,43.9424,12.4578,556.667,45.2,18,0.79,0,5.64,20.34,27.35,91.2319,3.8,84.97,1,0,1,0,0,0,0,1,0,1,0,1,0,0,0,0,0,0,1,0,0,0,0,0,0,1,0,0,220.955974394142,8.831068564896,1019.5724720412,2.774,6,5.9,6.01250529289246,0.24,99.91643,11.24,6.1094,0,10.4323200745946,10.9483908242896,1.75720277257535,11.3385839825165,236
"160",52,0.18636,6.613081,212.841,18.7,2.886,32.3,270.113,2.42,2.54,24.61,41.34,2.9,70.39,0,1,1,1,0,0,0,1,1,0,1,0,0,0,0,0,1,0,0,0,0,0,1,0,0,0,0,0,9.12571123511939,24.3894773085,1553.6792413672,27.197,128,2.4,2.84106228500605,2.91,92.81664,18.5,0.0531,124,12.2975664613636,8.02411383371818,1.09861228866811,10.4163411186364,295
"161",35,24,45,15.322,31.9,3.295,1.48,259.538,17.72,1.8,25.4,94.2096,2.7,75.13,1,0,1,1,0,1,0,1,1,1,0,0,0,0,0,0,0,1,0,0,0,0,0,0,1,0,0,0,6.14697585878639,24.6510073372,73.4034506019,16.156,162,15.8,3.35191413760185,0.25,95.32863,16.4,2.6117,10,17.3655263711095,10.800522292082,5.37063802812766,16.5455832083155,2523
"162",39,14.4974,-14.4524,82.328,18.7,3.008,38,241.219,2.42,0.4,16.6,20.859,0,67.94,1,1,0,0,1,1,0,1,0,1,1,0,0,0,1,0,1,0,0,0,0,0,1,0,0,0,0,0,1.19446270977005,27.8732058303,701.100816165,52.808,64,2.4,0.867270026355982,0.4,51.90042,18.1,0.0691,118,16.6335464222204,7.81261290122982,3.04452243772342,14.1266657192017,250
"163",34,44.0165,21.0059,80.291,41.2,17.366,4.1,439.415,10.08,37.7,40.2,97.719,5.609,76,1,0,1,1,0,1,0,1,1,1,1,1,0,0,0,0,0,0,1,0,0,0,0,0,0,1,0,0,3.82094690118267,10.1789935639,726.463658487,43.908,142,9,4.78330999612808,0.1,98.84151,19.1,3.1131,17,15.7331089711532,9.55036920497513,3.29583686600433,14.3525891373277,2666
"164",47,-4.6796,55.492,208.354,36.2,8.606,1.1,242.648,10.55,7.1,35.7,78.6803,3.6,73.4,0,0,1,1,0,1,0,1,1,1,1,1,0,0,1,0,1,0,0,0,0,0,1,0,0,0,0,0,142.363229611552,22.24739546956,936.46049980994,43.309,709,12.3,3.657141700387,6.8,95.86771,21.2,2.1212,18,11.4961963097163,10.1804860204803,2.70805020110221,12.799402253235,11
"165",41,8.460555,-11.779889,104.7,19.1,2.538,52.2,325.721,2.42,8.8,41.3,19.275,0,54.7,1,0,1,1,1,1,0,1,1,0,1,1,0,0,0,1,1,0,0,0,0,0,1,0,0,0,0,0,1.00288517528866,26.043799896,2471.72089355,57.945,52,2.4,1.84365287423134,1.5,43.20633,30.5,0.0251,298,15.892071203846,7.23799384084783,2.19722457733622,10.9508240905224,338
"166",35,1.2833,103.8333,7915.731,42.4,12.922,0.93,92.243,10.99,5.2,28.3,74.1305,2.4,83.62,0,1,1,0,1,1,1,1,0,0,0,1,0,0,1,0,0,1,0,0,0,0,0,0,0,0,0,1,1.53837133993682,16.022502830973,2034.766364442,0,230,5.5,2.14045811444521,0.2,97.34486,9.3,2.2936,47,15.582011020898,11.3566970965755,2.30258509299405,16.501519696342,96
"167",45,18.0425,-63.0548,1209.088,33.3,9.17,1.5,0,0,6.35,18.24,82.1472,0,78.95,0,0,0,0,0,0,0,0,0,0,0,0,0,0,0,0,0,0,0,1,0,0,0,1,0,0,0,0,23.3198078447834,22.338474054299,1824.2706012839,0,616.9,6.8,3.71440188959241,1.55,95.338695,15.3,2.67042,19,10.666230755984,10.5003504590159,0.693147180559945,12.089544447236,76
"168",34,48.669,19.699,113.128,41.2,15.07,0.7,287.959,7.29,23.1,37.7,85.9938,5.82,77.54,1,1,1,0,1,1,1,1,1,1,1,1,0,0,0,1,0,0,1,0,0,0,0,0,0,1,0,0,6.4106755698129,7.26939613115,767.516310472,46.274,187,6.5,5.3335927426815,0.1,99.456058,17.2,3.4156,5.8,15.5128941441302,10.3141442277752,3.58351893845611,14.6291043348624,682
"169",32,46.1512,14.9955,102.619,44.5,19.062,0.39,153.493,7.25,20.1,25,96.1288,4.5,81.32,1,0,1,0,1,1,0,1,1,1,1,0,0,0,0,0,0,0,1,0,0,0,0,0,0,1,0,0,7.69625942551272,8.04021112,1361.8067627,45.459,66,5.9,5.87911084294319,0.1,99.7,12.7,3.0861,5.3,14.5473653392886,10.3546217689056,2.83321334405622,15.3027810624128,977
"170",53,5.1521,46.1996,23.5,16.8,2.731,31.35,365.769,6.05,1.32,35.27,9.831,0.9,57.4,1,0,0,1,0,1,1,0,0,1,0,1,0,0,0,0,1,0,0,0,0,0,0,0,1,0,0,0,3.83811485892191,26.7668442457,265.352539755,55.029,55.9,5.1,0.991924051195383,0.1,45.86297,21.8,0.023,262,16.5814031611554,7.31456250282167,4.12713438504509,13.4088108637837,928
"171",36,-30.5595,22.9375,46.754,27.3,5.344,18.9,200.38,5.52,8.1,33.2,43.993,2.32,64.13,1,0,1,0,1,1,0,1,1,1,1,1,1,1,0,1,1,0,0,0,0,0,1,0,0,0,0,0,9.54328952468854,17.5968733425,474.776152751,33.645,294,12.7,4.35276962816715,20.4,87.04667,26.2,0.9054,520,17.8982664130942,9.41701920058723,6.34035930372775,16.1642156820646,1934
"172",52,6.877,31.307,18.06183027,19.2,3.441,62.68,280.775,10.43,1.68,19.49,7.7838,0,57.85,1,0,0,1,0,0,0,0,0,1,0,1,0,0,0,0,1,0,0,0,0,0,1,0,0,0,0,0,7.59353741724496,26.927926447,956.581482682,80.385,65,10.2,0.82402266561985,2.5,34.52276,19.8,0.115325,146,16.2308643580782,7.35939634354362,4.45434729625351,12.5713020447881,806
"173",55,40,-4,93.105,45.5,19.436,1,99.403,7.17,27.4,31.4,92.1796,2.97,83.56,1,0,1,1,1,1,0,1,1,1,1,0,1,0,0,1,0,0,1,0,0,0,0,0,0,1,0,0,3.2082279154199,13.0254760682,622.987063842,19.679,147,6.9,6.26586750149727,0.3,98.4365,9.9,3.8723,9.4,17.6604271400143,10.4421236549998,5.01727983681492,18.2316124913023,47610
"174",77,7,81,341.955,34.1,10.069,0.7,197.093,10.68,0.3,27,82.2582,3.6,76.98,1,1,1,1,1,1,0,1,0,1,1,1,1,0,0,1,0,1,0,0,0,0,0,0,0,0,1,0,0.887301086943831,26.7552273486,1699.40728205,81.524,132,10.7,1.63696836680174,0.1,91.70982,17.4,1.0041,64,16.8795204939709,9.36478332337366,2.99573227355399,14.6630945202776,210
"175",49,12.8628,30.2176,23.258,19.7,3.548,22.05,431.388,15.67,1.05,30.94,23.437,0.8,65.31,1,0,1,1,0,1,0,1,1,1,1,0,0,0,1,0,1,0,0,0,0,0,0,0,1,0,0,0,1.68759939874938,26.824333834,234.036378989,65.358,56,22.1,1.14202881231904,0.2,60.69718,26,0.2618,71,17.5962686289814,8.40458581390421,4.31748811353631,13.6363850882384,533
"176",49,3.9193,-56.0278,3.612,29.6,6.933,5.09,258.314,12.54,7.4,42.9,67.779,3.1,71.68,1,0,1,1,1,1,0,1,0,1,1,1,0,0,1,1,0,0,0,0,0,1,0,1,0,0,0,0,93.7552204611393,25.7660816355,2316.81026537,33.94,186,12.5,3.64815592765808,1.4,94.38327,21.7,1.2101,38,13.2821580996167,9.5301109810847,4.02535169073515,12.5353799897886,10
"177",57,63,16,24.718,41,19.985,0.5,133.982,4.79,18.8,18.9,92.6953,2.22,82.8,1,0,0,0,1,0,0,1,0,1,1,0,0,0,0,0,0,0,1,0,0,0,0,0,0,1,0,0,22.8729403214292,1.54635056165,621.150333343,12.569,67,4.8,9.2221312224865,0.26,99.748811,9.1,3.984,5.5,16.1279738009887,10.7568445123073,5.44673737166631,15.8223815412179,3046
"178",32,46.8182,8.2275,214.243,43.1,18.436,1.04,99.739,5.59,22.6,28.9,84.5454,4.53,83.78,1,0,1,0,1,1,1,1,0,1,1,1,1,0,0,1,0,0,1,0,0,0,0,0,0,1,0,0,7.27935074661874,4.74905739722,1646.41245524,26.203,82,5.7,3.76474261283875,0.17,99.622596,8.6,4.2957,6.4,15.9736037248263,10.957994093006,4.15888308335967,16.1536559228633,12104
"179",37,34.8021,38.9968,94.50619397,21.7,4.46,3.29,376.264,0,7.4,33.23,70.598,1.5,72.7,1,0,1,1,1,1,0,0,1,1,0,1,1,0,0,0,0,1,0,0,0,0,0,0,1,0,0,0,5.14266407255453,17.6457807466,296.371756984,45.838,58,13.5,1.61476172506809,0.1,90.144071,21.8,1.2874,19,16.6777490381869,9.11199667920203,4.51085950651685,15.7567707021193,43
"180",30,38.861034,71.276093,64.281,23.3,3.466,4.8,427.698,7.11,2.48,48.95,72.704,4.8,71.1,0,1,0,0,1,1,1,1,0,1,1,1,0,0,0,0,0,1,0,0,0,0,0,0,0,1,0,0,2.51634523501721,3.02524846475,492.022649732,72.866,130,6.1,2.09663957357407,0.2,99.8,25.3,2.1026,84,16.0707569479094,7.97174610172606,3.2188758248682,13.8499129508647,3807
"181",44,15,101,135.132,40.1,11.373,0.1,109.861,7.04,1.9,38.8,90.67,2.1,77.15,0,0,0,0,0,0,0,0,1,0,1,1,0,0,1,0,0,1,0,0,0,0,0,0,0,0,1,0,1.44699186008339,26.2498882068,1532.47654527,50.051,398,7,2.85175293684006,1.1,93.76776,14.5,0.805,153,18.061144266873,9.69761100231767,4.62497281328427,17.4577700176361,40
"182",52,55.3781,-3.436,272.898,40.8,18.517,0.2,122.137,4.28,20,24.7,93.1654,2.54,81.32,0,0,1,0,1,0,0,1,0,1,0,0,0,0,0,0,0,0,1,0,0,0,0,0,0,1,0,0,6.77606535803757,8.3102391391,1154.29974182,16.602,148,3.9,7.64871090650558,0.2,99.520081,10.9,2.8117,8,18.0333404593556,10.5904718816789,6.13339804299665,17.4077690010099,5687
"183",56,-8.8742,125.7275,87.176,18,3.556,30.3,335.346,6.86,6.3,78.1,28.178,5.9,69.5,0,1,0,0,1,0,0,1,0,1,1,1,0,0,0,0,0,1,0,0,0,0,0,0,0,0,1,0,4.55082589905358,24.96599992,1239.77376302,69.422,25,6.7,2.5619076564908,0.69,68.06683,19.9,0.7224,498,14.0919620528967,8.79043682952888,1.94591014905531,11.2252567257629,24
"184",43,8.6195,0.8248,143.366,19.4,2.839,49.2,280.033,6.15,0.9,14.2,10.475,0.7,61.04,1,0,1,1,1,1,0,1,1,1,1,1,0,0,0,1,1,0,0,0,0,0,1,0,0,0,0,0,0.966330975364962,26.7991113672,1189.11415609,58.298,64,2.4,1.09466044232249,2.3,63.74562,23.6,0.0774,36,15.9292010992861,7.2659980931697,2.19722457733622,13.2586427408961,83
"185",39,10.6918,-61.2225,266.886,36.2,10.014,1.52,228.467,10.97,4.98,24.53,89.443,3,73.51,1,1,1,0,1,0,0,1,0,1,1,1,0,0,0,0,0,0,0,1,0,0,0,1,0,0,0,0,2.85818201045952,25.862500195,1831.40698243,46.816,281,11,3.71267274022102,1.45,98.7,21.3,4.1675,21,14.151619871594,10.2668823525826,1.6094379124341,12.8346839716157,114
"186",41,34,9,74.228,32.7,8.001,2,318.991,8.52,1.1,65.8,78.687,2.3,76.7,1,1,0,0,1,1,0,1,0,1,1,1,0,0,1,0,1,0,0,0,0,0,0,0,1,0,0,0,2.45375559138979,19.363456174,267.087509825,31.055,199,8.5,4.13129851222038,0.1,79.03643,16.1,1.3025,35,16.285186727245,9.29194773186585,3.40119738166216,15.931645704077,685
"187",34,38.9637,35.2433,104.914,31.6,8.153,0.2,171.285,12.13,14.1,41.1,89.8395,2.81,77.69,1,0,1,1,0,1,0,1,1,1,0,1,0,0,0,0,0,1,0,0,0,0,0,0,0,1,0,0,1.16197633535595,10.9336064842,573.283130847,24.857,179,11.1,3.27651053667068,0.15,96.15053,16.1,1.8492,16,18.2503557557118,10.1318311998845,4.59511985013459,17.6390957367798,61049
"188",51,21.694,-71.7979,37.312,34.6,5.17,1.5,0,0,4.25,20.36,87.4508,0,80.22,0,0,0,0,0,0,0,0,0,0,0,0,0,0,0,0,0,0,0,1,0,0,0,1,0,0,0,0,206.622242884447,26.48697722611,1989.268792337,6.902,617.1,6.31,4.12631265819073,1.55,94.950024,14.81,2.39931,6.1,10.5640857146107,10.2064151934697,2.19722457733622,12.9968024220001,12
"189",34,1,32,213.759,16.4,2.168,41.6,213.333,2.5,3.4,16.7,21.222,0.5,63.37,1,0,1,1,1,1,1,1,1,1,1,1,0,0,0,0,1,0,0,0,0,0,1,0,0,0,0,0,1.02752454034673,22.5958415474,1207.89543412,76.226,97,2.5,0.971404835581779,5.7,76.5275,21.9,0.168,200,17.6385056308844,7.43762265241503,3.87120101090789,14.1534110598432,63
"190",43,48.3794,31.1656,77.39,41.4,16.462,0.1,539.849,7.11,13.5,47.4,81.2477,8.8,72.06,1,1,0,0,1,1,1,1,1,1,1,1,0,0,0,0,0,0,1,0,0,0,0,0,0,1,0,0,4.27587301608352,8.20556556473,561.788800317,30.648,305,6.1,3.07959318161011,1,99.97435,24.7,2.9923,80,17.5936309018561,8.97403470379156,5.23644196282995,16.4619690739617,3764
"191",52,24,54,112.442,34,1.144,1.23,317.84,17.26,1.2,37.4,92.5005,1.2,77.97,0,0,0,0,0,1,0,1,0,1,0,1,0,0,0,0,0,1,0,0,0,0,0,0,1,0,0,0,4.34765024670387,26.8256088765,67.8120254848,13.478,238,16.3,2.39981282502413,0.32,93.22714,16.8,2.5278,1,16.107075248783,11.1168335360467,3.78418963391826,16.8735601845624,153
"192",35,-6.369,34.8888,64.699,17.7,3.108,49.1,217.288,5.75,3.3,26.7,47.953,0.7,65.46,0,0,0,0,0,1,0,1,0,1,1,1,0,0,0,0,1,0,0,0,0,0,1,0,0,0,0,0,2.77897693236538,22.3058098214,1052.38357354,66.224,78,5.7,1.5766391530633,4.6,77.88723,17.9,0.014,253,17.9054155130319,7.89517675546311,5.11799381241676,14.1361444562449,255
"193",43,37.0902,-95.7129,35.608,38.3,15.413,1.2,151.089,10.79,19.1,24.6,87.9495,2.77,78.86,0,0,0,0,1,0,0,0,0,0,1,0,0,0,0,0,0,0,0,1,0,0,0,1,0,0,0,0,40.8244469416584,6.75462706769,654.536672556,17.744,716,10.8,8.55761468410492,0.4,97.044343,14.6,2.612,3,19.6176369333093,10.9009240020062,9.51148146411212,18.1943561509857,108
"194",40,17.739273,-64.763578,306.48,42.2,18.601,2.05,273.67,12.26,12.07,25.28,85.0648,0,80.58,0,0,0,0,0,0,0,0,0,0,0,0,0,0,0,0,0,0,0,1,0,0,0,1,0,0,0,0,19.1528686208977,25.74300003,2131.47290039,4.279,575.6,12.3,6.06860162690282,1.39,95.509778,13.99,4.03082,5.475,11.5562148130686,10.8571751684966,1.09861228866811,12.8505572787773,54
"195",32,-32.5228,-55.7658,19.751,35.6,14.655,0.1,160.708,6.93,14,19.9,81.5206,2.8,77.91,1,0,1,0,1,1,0,0,0,1,1,1,0,0,0,0,0,0,0,0,0,1,0,1,0,0,0,0,38.2874071566361,17.5674857003,1250.47726702,4.666,281,7.3,6.58495426177979,0.6,98.70386,16.7,5.0794,33,15.0607389268054,9.93073343933129,4.89783979995091,15.0593772142194,492
"196",30,41.3775,64.5853,76.134,28.2,4.469,2.57,724.417,7.57,1.3,24.7,88.4826,4,71.72,0,0,0,0,0,1,0,1,0,0,0,1,0,0,0,0,0,1,0,0,0,0,0,0,0,1,0,0,1.58354551598322,12.5193833147,191.821623206,49.522,152,6.5,2.77740005403757,0.2,99.99289,24.5,2.3742,70,17.3261361709001,8.74099316723673,3.98898404656427,15.4918593627367,1214
"197",30,6.4238,-66.5897,36.253,29,6.614,10.74,204.85,6.47,6.49,16.33,57.1401,0.8,72.06,0,1,1,1,1,1,0,1,1,1,1,0,0,0,1,0,0,0,0,0,0,1,0,1,0,0,0,0,15.6140417077077,25.318454248,1957.65398653,11.792,161,7,0.188269501086324,0.44,97.12709,18.1,0.69664,48,17.1631645366949,9.72591601651008,6.09807428216624,12.9645416341284,171
"198",40,16,108,308.127,32.6,7.15,2,245.465,6,1,45.9,85.847,2.6,75.4,0,0,1,0,1,1,0,1,0,1,1,1,0,0,1,0,0,1,0,0,0,0,0,0,0,0,0,1,0.46230383279773,24.0696491274,1835.16079337,64.081,145,6,2.68987957388163,0.3,95.00038,17.1,0.8281,182,18.3937060153149,8.72792143070591,3.8286413964891,16.5562216058305,16
"199",52,15.552727,48.516388,53.508,20.3,2.922,18.8,495.003,5.35,7.6,29.2,49.542,0.7,66.12,1,0,1,1,0,1,0,1,1,1,1,1,1,0,0,0,0,1,0,0,0,0,0,0,1,0,0,0,1.9110863392598,23.1571687414,166.538899657,63.358,55,5.4,0.431183259934187,0.1,63.971339,30.6,0.5251,48,17.2108900149427,7.29989668615015,4.06044301054642,14.4886603640044,327
"200",38,-15.4167,28.2833,22.995,17.7,2.48,57.5,234.499,3.94,3.1,24.7,13.938,2,63.89,0,0,1,0,0,1,0,1,0,1,1,1,0,0,0,0,1,0,0,0,0,0,1,0,0,0,0,0,4.78678256192519,21.5841319655,1004.7531958,56.479,119,4.5,1.72702744603157,11.3,86.74796,17.9,1.1867,346,16.7269889400775,8.21344975640142,4.48863636973214,13.8850375534483,84
"201",48,-20,30,42.729,19.6,2.822,21.4,307.846,1.82,1.6,30.7,36.791,1.7,61.49,1,1,0,0,1,0,0,1,1,1,1,1,0,0,0,0,1,0,0,0,0,0,1,0,0,0,0,0,13.1871736973478,21.0313897136,668.974772958,67.791,129,1.8,3.42518053948879,12.7,88.69342,19.3,0.2096,210,16.5143806168752,7.55001697672493,5.28320372873799,14.7633003444946,34
