,day_of_infection,latitude,longitude,population_density,median_age,aged_65_older,extreme_poverty,cvd_death_rate,diabetes_prevalence,female_smokers,male_smokers,handwashing_facilities,hospital_beds_per_thousand,life_expectancy,border_closure,wear_protective_gear_in_public_requirement,businesses_and_public_services_closure,curfews,economic_measures,suspension_international_flights,imports_exports_limit,gatherings_limit,partial_lockdown,schools_closure,established_emergency,quarantine_isolation_policies,full_lockdown,mass_testing,checkpoints_within_the_country,military_deployment,Africa,Asia,Europe,North America,Oceania,South America,AFRO,AMRO,EMRO,EURO,SEARO,WPRO,airports_per_pop,temperatura,precip,PERC_POBLACION_RURAL,prison_pop,diabetes,expend__health_public,HIV,lit_rate,non_transm_mortality,num_physicians,tuberculosis,log_population,log_gdp_per_capita,log_n_airports,log_turismo
0,48.0,33.0,65.0,54.422,18.6,2.5810000000000004,22.46,597.029,9.59,7.93,37.02999999999999,37.746,0.5,64.83,1.0,0.0,0.0,0.0,0.0,1.0,1.0,1.0,1.0,1.0,1.0,1.0,0.0,0.0,0.0,0.0,0.0,1.0,0.0,0.0,0.0,0.0,0.0,0.0,1.0,0.0,0.0,0.0,1.33578772339669,12.921454517599999,311.321855887,74.505,76.0,9.2,0.600144406780601,0.1,43.01972,29.8,0.2782,189.0,17.47723312941691,7.498308668524979,3.970291913552122,14.586545550603574
1,31.0,41.1533,20.1683,104.87100000000001,38.0,13.187999999999999,1.1,304.195,10.08,7.1,51.2,76.8643,2.89,78.57,1.0,0.0,1.0,1.0,1.0,1.0,1.0,1.0,1.0,1.0,1.0,1.0,0.0,0.0,1.0,1.0,0.0,0.0,1.0,0.0,0.0,0.0,0.0,0.0,0.0,1.0,0.0,0.0,1.38995065675169,11.2698000667,1053.23518372,39.681,158.0,9.0,4.27755378186703,0.12000000000000004,98.14115,17.0,1.2164,18.0,14.872537018799058,9.37623024844267,1.6094379124341003,15.490736398202278
2,37.0,28.0339,1.6596,17.348,29.1,6.211,0.5,278.36400000000003,6.73,0.7,30.4,83.741,1.9,76.88,1.0,0.0,1.0,1.0,0.0,1.0,0.0,1.0,1.0,1.0,1.0,1.0,1.0,0.0,1.0,1.0,1.0,0.0,0.0,0.0,0.0,0.0,1.0,0.0,0.0,0.0,0.0,0.0,3.58030252552944,22.5757911398,81.97354876819999,27.371,162.0,6.7,4.20416407287121,0.1,81.40783999999998,14.2,1.7193,69.0,17.596309084936905,9.54071110364512,5.062595033026967,14.7927086011062
3,43.0,42.5063,1.5218,163.755,44.9,17.36,0.79,109.135,7.97,29.0,37.8,92.3915,0.0,83.73,0.0,0.0,0.0,0.0,0.0,0.0,0.0,0.0,0.0,0.0,0.0,0.0,0.0,0.0,0.0,0.0,0.0,0.0,1.0,0.0,0.0,0.0,0.0,0.0,0.0,1.0,0.0,0.0,22.87798290965558,10.704854365641,811.715173606,11.937999999999999,38.0,7.7,5.06037287414074,0.36,97.63339400000001,9.900000000000002,3.3333,3.0,11.25500929305476,10.7205953872528,1.6537092260625434,14.928026080532419
4,43.0,-11.2027,17.8739,23.89,16.8,2.405,21.4,276.045,3.94,3.79,19.11,26.664,0.0,61.15,1.0,1.0,1.0,1.0,1.0,1.0,1.0,1.0,1.0,1.0,1.0,1.0,0.0,1.0,0.0,0.0,1.0,0.0,0.0,0.0,0.0,0.0,1.0,0.0,0.0,0.0,0.0,0.0,5.35503452962776,21.5109326932,991.3056834480001,34.486,105.0,4.5,1.29186874255538,2.0,66.03011,16.5,0.2146,355.0,17.307957431440077,8.669140588655198,5.176149732573829,12.292254928916668
5,54.0,17.0608,-61.7964,231.845,32.1,6.933,1.6199999999999999,191.511,13.17,4.02,18.85,89.1963,3.8,77.02,0.0,1.0,1.0,1.0,1.0,1.0,0.0,1.0,1.0,1.0,1.0,0.0,1.0,0.0,0.0,0.0,0.0,0.0,0.0,1.0,0.0,0.0,0.0,1.0,0.0,0.0,0.0,0.0,30.634752062740002,22.386585980664897,1844.7487787829996,75.40100000000001,403.0,13.1,2.13234610855579,1.65,98.95,22.6,2.9560000000000004,6.0,11.49199800528723,9.975433399695557,1.3862943611198906,12.502470376049185
6,34.0,-38.4161,-63.6167,16.177,31.9,11.198,0.6,191.032,5.5,16.2,27.7,76.6079,5.0,76.67,0.0,1.0,1.0,0.0,1.0,1.0,0.0,1.0,1.0,1.0,1.0,1.0,0.0,0.0,0.0,0.0,0.0,0.0,0.0,0.0,0.0,1.0,0.0,1.0,0.0,0.0,0.0,0.0,25.1793436364641,14.21522492,559.0458708069999,8.13,147.0,5.9,6.60893470048904,0.4,99.00387,15.8,3.9901,27.0,17.6265142333601,9.848762428784356,7.037905963447182,15.753100619454564
7,43.0,40.0691,45.0382,102.931,35.7,11.232000000000001,1.8,341.01,7.11,1.5,52.1,94.04299999999999,4.2,75.09,1.0,0.0,0.0,0.0,1.0,1.0,0.0,1.0,1.0,1.0,1.0,1.0,0.0,0.0,0.0,0.0,0.0,1.0,0.0,0.0,0.0,0.0,0.0,0.0,0.0,1.0,0.0,0.0,3.71216043012465,6.37436162538,502.281768799,36.851,164.0,6.1,1.37250600382686,0.2,99.73607,22.3,4.4023,31.0,14.901792134919317,9.081208430416325,2.4849066497880004,14.317497838389754
8,36.0,12.5186,-70.0358,584.8,41.2,13.085,2.45,0.0,11.62,5.24,24.250000000000004,85.92490000000001,0.0,76.29,0.0,0.0,0.0,0.0,0.0,0.0,0.0,0.0,0.0,0.0,0.0,0.0,0.0,0.0,0.0,0.0,0.0,0.0,0.0,1.0,0.0,0.0,0.0,1.0,0.0,0.0,0.0,0.0,9.36627765393477,22.529626498579997,2042.7475472760002,56.589,690.6,11.6,3.882347196340561,1.65,97.80742,15.870000000000001,3.3921,5.4,11.578404168997322,10.490573444176233,0.6931471805599453,13.894322662602555
9,36.0,-35.4735,149.0124,3.202,37.9,15.504000000000001,0.5,107.791,5.07,13.0,16.5,82.1482,3.84,83.44,0.0,0.0,0.0,0.0,1.0,0.0,0.0,0.0,0.0,0.0,1.0,1.0,0.0,0.0,0.0,0.0,0.0,0.0,0.0,0.0,1.0,0.0,0.0,0.0,0.0,0.0,0.0,1.0,18.8236172553119,21.506676337800002,473.09149982900004,13.988,130.0,5.6,6.34408071637154,0.1,97.59464,9.1,3.6778,6.6,17.054184382666968,10.706603091322746,6.175867270105761,16.03970169168518
10,33.0,47.5162,14.5501,106.749,44.4,19.202,0.7,145.183,6.35,28.4,30.9,96.8343,7.37,81.54,1.0,0.0,1.0,1.0,1.0,1.0,0.0,1.0,1.0,1.0,1.0,1.0,0.0,0.0,0.0,0.0,0.0,0.0,1.0,0.0,0.0,0.0,0.0,0.0,0.0,1.0,0.0,0.0,5.77367205542725,6.18601274769,1161.18386919,41.703,98.0,6.6,7.52637535333633,0.15,98.819445,11.4,5.1697,7.1,16.013446104724046,10.724097127802573,3.970291913552122,17.243544626030662
11,41.0,40.1431,47.5769,119.309,32.4,6.018,3.6999999999999993,559.812,7.11,0.3,42.5,83.241,4.7,73.0,1.0,0.0,1.0,0.0,1.0,1.0,0.0,1.0,1.0,1.0,0.0,1.0,1.0,0.0,0.0,0.0,0.0,1.0,0.0,0.0,0.0,0.0,0.0,0.0,0.0,1.0,0.0,0.0,3.6492120907273002,12.2243444651,433.883240763,44.32,413.0,6.1,1.00491279736161,0.45,99.79123000000001,22.2,3.446,63.0,16.131917290497935,9.670825026696232,3.6375861597263857,14.783634818273285
12,41.0,25.0343,-77.3963,39.497,34.3,8.996,1.7899999999999998,235.954,13.17,3.1,20.4,83.12979999999999,2.9,73.92,1.0,1.0,1.0,0.0,1.0,1.0,1.0,1.0,0.0,1.0,1.0,1.0,1.0,0.0,0.0,0.0,0.0,0.0,0.0,1.0,0.0,0.0,0.0,1.0,0.0,0.0,0.0,0.0,155.11839856782498,25.06333351,1280.08365885,16.975,444.0,8.8,2.5263994932174705,1.8,93.64117100000001,15.5,2.0068,14.0,12.882198278005657,10.22986785792217,4.127134385045092,14.305929984322287
13,30.0,26.0275,50.55,1935.9070000000002,32.4,2.372,2.5199999999999996,151.689,16.52,5.8,37.6,76.89999999999999,2.0,77.29,1.0,0.0,1.0,0.0,0.0,1.0,0.0,0.0,0.0,1.0,0.0,1.0,0.0,0.0,0.0,0.0,0.0,1.0,0.0,0.0,0.0,0.0,0.0,0.0,1.0,0.0,0.0,0.0,2.35075221132322,22.423557269430002,102.66115907396997,10.713,275.0,15.6,2.7528628706932095,0.4,97.46419,11.3,0.9257,11.0,14.347070139909054,10.675716325199822,1.6094379124341003,16.304160277053107
14,39.0,23.685,90.3563,1265.036,27.5,5.098,14.8,298.003,8.38,1.0,44.7,34.808,0.8,72.59,0.0,0.0,0.0,1.0,0.0,1.0,0.0,0.0,1.0,0.0,1.0,1.0,0.0,0.0,0.0,1.0,0.0,1.0,0.0,0.0,0.0,0.0,0.0,0.0,0.0,0.0,1.0,0.0,0.10929666303989999,25.4709130989,2266.52366837,63.368,42.0,9.2,0.379648082889616,0.1,73.9122,21.6,0.5809,221.0,18.91957173648272,8.167631176228976,2.9444389791664403,13.841179279371246
15,35.0,13.1939,-59.5432,664.4630000000001,39.8,14.952,2.92,170.05,13.57,1.9,14.5,88.469,5.8,79.19,1.0,0.0,0.0,1.0,1.0,0.0,0.0,1.0,1.0,1.0,1.0,1.0,1.0,0.0,0.0,0.0,0.0,0.0,0.0,1.0,0.0,0.0,0.0,1.0,0.0,0.0,0.0,0.0,3.47982225067944,22.10307490575,2067.4338992870003,68.85300000000001,521.0,13.4,2.99643445760012,1.5,99.6,16.2,2.4843,0.4,12.568532822689548,9.73973657025528,0.6931471805599453,13.429849547739444
16,41.0,53.7098,27.9534,46.858000000000004,40.3,14.799000000000001,1.77,443.129,5.18,10.5,46.1,79.60040000000001,11.0,74.79,0.0,0.0,0.0,0.0,0.0,1.0,1.0,1.0,0.0,1.0,1.0,1.0,0.0,1.0,0.0,0.0,0.0,0.0,1.0,0.0,0.0,0.0,0.0,0.0,0.0,1.0,0.0,0.0,6.8788011329067995,6.294930099119999,610.066737893,21.405,335.0,5.0,4.145893827080729,0.5,99.75656,23.7,5.1905,31.0,16.06145355086431,9.75085878900652,4.189654742026425,16.257996801034942
17,58.0,50.8333,4.0,375.564,41.8,18.570999999999998,0.2,114.898,4.29,25.1,31.4,93.46820000000001,5.64,81.63,1.0,0.0,1.0,0.0,1.0,1.0,0.0,1.0,1.0,1.0,1.0,1.0,0.0,0.0,1.0,0.0,0.0,0.0,1.0,0.0,0.0,0.0,0.0,0.0,0.0,1.0,0.0,0.0,3.53764956492087,9.51424127412,874.297532025,1.999,108.0,4.6,7.98325017094612,0.24,99.41361399999998,11.4,3.0709,9.0,16.265620169040837,10.661007052922972,3.7376696182833684,16.025870816576944
18,47.0,13.1939,-59.5432,16.426,25.0,3.853,3.0399999999999996,176.957,17.11,4.94,20.490000000000002,90.083,1.3,74.62,0.0,1.0,0.0,1.0,0.0,1.0,0.0,1.0,1.0,1.0,1.0,1.0,0.0,0.0,0.0,0.0,0.0,0.0,0.0,1.0,0.0,0.0,0.0,1.0,0.0,0.0,0.0,0.0,118.203012416346,25.0643329617,2089.26430257,54.276,476.0,17.1,3.83578389883041,1.9,82.760983,22.1,1.1229,30.0,12.89325708422575,8.965125276319132,3.8712010109078907,13.100119813444692
19,45.0,9.3077,2.3158,99.11,18.8,3.2439999999999998,49.6,235.84799999999998,0.99,0.6,12.3,11.035,0.5,61.77,1.0,1.0,0.0,0.0,1.0,0.0,0.0,1.0,0.0,1.0,0.0,1.0,0.0,0.0,0.0,1.0,1.0,0.0,0.0,0.0,0.0,0.0,1.0,0.0,0.0,0.0,0.0,0.0,0.494918914959568,27.4615526705,1034.26788973,52.688,75.0,1.0,1.11499726772308,1.0,42.3624,19.6,0.0791,56.0,16.31063144767277,7.6329997845793045,1.9459101490553132,12.59473402514672
20,39.0,32.3078,-64.7505,1308.82,43.6,19.74,1.3699999999999999,139.547,13.0,10.600000000000001,22.37,84.64029999999998,0.0,82.59,0.0,0.0,0.0,0.0,0.0,0.0,0.0,0.0,0.0,0.0,0.0,0.0,0.0,0.0,0.0,0.0,0.0,0.0,0.0,1.0,0.0,0.0,0.0,1.0,0.0,0.0,0.0,0.0,16.0583238321584,17.392754985049,1685.6248223011003,0.0,613.5,6.7,5.559741286560893,1.3900000000000001,96.203645,11.109999999999998,3.44219,3.7,11.039299282193344,10.833095515146901,0.6931471805599453,12.549665896013254
21,96.0,27.5142,90.4336,21.188000000000002,28.6,4.885,1.5,217.06599999999997,9.75,5.58,41.81,79.807,1.7,71.78,1.0,0.0,0.0,1.0,0.0,1.0,0.0,1.0,0.0,1.0,1.0,0.0,0.0,0.0,0.0,0.0,0.0,1.0,0.0,0.0,0.0,0.0,0.0,0.0,0.0,0.0,1.0,0.0,2.5919762782331004,8.57504293,1780.45989118,59.105,135.0,10.3,2.3748742416501,0.3,66.56115,23.3,0.4242,149.0,13.556238407979611,9.072180800119405,1.0986122886681096,12.520887034998584
22,34.0,-16.2902,-63.5887,10.202,25.4,6.704,7.1,204.299,6.89,3.4299999999999997,17.03,25.383000000000003,1.1,71.51,1.0,1.0,1.0,1.0,1.0,1.0,0.0,1.0,1.0,0.0,1.0,1.0,0.0,0.0,0.0,1.0,0.0,0.0,0.0,0.0,0.0,1.0,0.0,1.0,0.0,0.0,0.0,0.0,73.24577022810449,20.975030036099998,1095.55980128,30.575,140.0,6.8,4.41535040736198,0.3,92.45508,17.2,1.5901,108.0,16.272791610664907,8.837366025847741,6.752270376141742,13.948292544854452
23,37.0,43.9159,17.6791,68.49600000000001,42.5,16.569000000000003,0.2,329.635,10.08,30.2,47.7,97.164,3.5,77.4,1.0,0.0,1.0,1.0,1.0,1.0,0.0,1.0,0.0,1.0,1.0,1.0,0.0,0.0,0.0,0.0,0.0,0.0,1.0,0.0,0.0,0.0,0.0,0.0,0.0,1.0,0.0,0.0,7.315255508158799,9.01653183545,1071.75728815,51.755,80.0,9.0,6.29525780677795,0.1,96.99177,17.8,2.1616,25.0,15.003602729907398,9.368616388033612,3.2188758248682006,13.867154740783278
24,38.0,-22.3285,24.6849,4.044,25.8,3.9410000000000003,4.3,237.372,4.81,5.7,34.4,48.0482,1.8,69.59,1.0,0.0,1.0,0.0,1.0,1.0,0.0,1.0,1.0,0.0,1.0,1.0,0.0,0.0,0.0,0.0,1.0,0.0,0.0,0.0,0.0,0.0,1.0,0.0,0.0,0.0,0.0,0.0,31.467602189975,21.4785388464,394.47577571,30.554000000000002,205.0,5.8,4.64138947427273,20.3,86.82317999999998,20.3,0.5269,275.0,14.67061756175121,9.668295078614664,4.31748811353631,14.299787462639484
25,39.0,-14.235,-51.9253,25.04,33.5,8.552,3.4,177.96099999999998,8.11,10.1,17.9,60.02239999999999,2.2,75.88,1.0,0.0,0.0,0.0,1.0,0.0,0.0,0.0,0.0,0.0,1.0,1.0,0.0,0.0,0.0,0.0,0.0,0.0,0.0,0.0,0.0,1.0,0.0,1.0,0.0,0.0,0.0,0.0,19.255793094532002,24.9157718328,1762.97099306,13.431,274.0,10.4,3.96492034196854,0.5,93.2275,16.6,2.1643,45.0,19.174732083725115,9.55424577121025,8.317277766221235,15.70575712494156
26,30.0,4.5353,114.7277,81.347,32.4,4.591,0.82,201.285,12.79,2.0,30.9,86.10819999999998,2.7,75.86,0.0,0.0,1.0,0.0,0.0,0.0,0.0,1.0,1.0,1.0,1.0,1.0,0.0,0.0,1.0,0.0,0.0,1.0,0.0,0.0,0.0,0.0,0.0,0.0,0.0,0.0,0.0,1.0,2.2858031054921,25.934000015,3160.77514648,22.371,122.0,13.3,2.25035604089499,0.36,97.21411,16.6,1.609,68.0,12.988795412682483,11.181782516433167,0.6931471805599453,12.535379989788607
27,36.0,42.7339,25.4858,65.18,44.7,20.801,1.5,424.68800000000005,5.81,30.1,44.4,95.5393,7.454,75.05,1.0,1.0,1.0,1.0,1.0,1.0,0.0,1.0,1.0,1.0,1.0,1.0,0.0,0.0,0.0,0.0,0.0,0.0,1.0,0.0,0.0,0.0,0.0,0.0,0.0,1.0,0.0,0.0,9.7863622724221,10.396761640900001,602.843706497,24.991999999999997,151.0,6.0,4.19922322034836,0.1,98.35245,23.6,4.0332,22.0,15.75402859541711,9.82899603760851,4.23410650459726,16.042617617622323
28,34.0,12.2383,-1.5616,70.15100000000001,17.6,2.4090000000000003,43.7,269.048,2.42,1.6,23.9,11.877,0.4,61.58,1.0,0.0,1.0,1.0,1.0,1.0,0.0,1.0,0.0,1.0,1.0,1.0,0.0,0.0,0.0,0.0,1.0,0.0,0.0,0.0,0.0,0.0,1.0,0.0,0.0,0.0,0.0,0.0,1.1003058946065802,28.1763605071,774.2867502619999,70.642,28.0,7.3,2.994354814291,0.7,41.22445,21.7,0.0847,48.0,16.85541659458125,7.440793564752703,3.1780538303479458,11.87757552297847
29,50.0,-3.3731,29.9189,423.06199999999995,17.5,2.562,71.7,293.068,6.05,2.02,23.759999999999998,6.144,0.8,61.58,0.0,0.0,0.0,0.0,0.0,1.0,0.0,0.0,0.0,0.0,0.0,1.0,0.0,0.0,0.0,0.0,1.0,0.0,0.0,0.0,0.0,0.0,1.0,0.0,0.0,0.0,0.0,0.0,0.588691356774631,20.266099738,1262.81199951,86.96799999999999,72.0,5.1,1.85788683593273,1.0,68.37533,22.9,0.1001,111.0,16.29127403605849,6.555676897502385,2.0794415416798357,12.608202196848836
30,54.0,16.5388,-23.0418,135.58,25.7,4.46,0.7,182.21900000000002,2.42,2.1,16.5,55.2294,2.1,72.98,1.0,1.0,1.0,1.0,0.0,1.0,0.0,0.0,0.0,1.0,1.0,1.0,0.0,0.0,0.0,0.0,1.0,0.0,0.0,0.0,0.0,0.0,1.0,0.0,0.0,0.0,0.0,0.0,16.187399728051698,26.39401065942,1440.0203979513801,34.268,137.9,2.4,3.11193484812975,0.6,86.79029,17.2,0.7814,46.0,13.228503788864348,8.736096405192978,2.302585092994046,13.47302165746721
31,77.0,11.55,104.9167,90.67200000000001,25.6,4.412,6.11,270.892,4.0,2.0,33.7,66.229,0.8,69.82,0.0,0.0,0.0,0.0,1.0,0.0,0.0,1.0,1.0,1.0,1.0,1.0,0.0,0.0,0.0,0.0,0.0,1.0,0.0,0.0,0.0,0.0,0.0,0.0,0.0,0.0,0.0,1.0,0.956996695550223,26.9395000398,1918.67785645,76.612,106.0,6.4,1.40879349783063,0.5,80.52648999999998,21.1,0.1927,302.0,16.63205468047707,8.201405154176634,2.833213344056216,15.640221288596313
32,41.0,3.8480000000000003,11.5021,50.885,18.8,3.165,23.8,244.66099999999997,7.2,3.0799999999999996,17.869999999999997,2.735,1.3,59.29,1.0,1.0,1.0,1.0,1.0,1.0,0.0,1.0,0.0,1.0,1.0,1.0,0.0,1.0,0.0,0.0,1.0,0.0,0.0,0.0,0.0,0.0,1.0,0.0,0.0,0.0,0.0,0.0,1.24313151005369,24.527850390900003,1613.07191498,43.626000000000005,119.0,6.0,0.62201963737607,3.6,77.07103999999998,21.6,0.0881,186.0,17.09438454964341,8.121458389957692,3.5263605246161616,13.893398021690297
33,58.0,56.1304,-106.3468,4.037,41.4,16.984,0.5,105.59899999999999,7.37,12.0,16.6,87.5438,2.5,82.43,1.0,0.0,0.0,0.0,1.0,1.0,0.0,1.0,0.0,1.0,1.0,1.0,0.0,0.0,0.0,0.0,0.0,0.0,0.0,1.0,0.0,0.0,0.0,1.0,0.0,0.0,0.0,0.0,38.8690026380845,-7.14457961345,457.469053257,18.589000000000002,118.0,7.6,7.79410153627396,0.45,97.695519,9.8,2.6102,5.6,17.446288276980045,10.692367346390078,7.291656209174461,16.86639372330023
34,47.0,19.3133,-81.2546,256.496,40.5,14.24,1.4900000000000002,0.0,13.22,7.26,22.11,84.88129999999998,0.0,83.92,0.0,0.0,0.0,0.0,0.0,0.0,0.0,0.0,0.0,0.0,0.0,0.0,0.0,0.0,0.0,0.0,0.0,0.0,0.0,1.0,0.0,0.0,0.0,1.0,0.0,0.0,0.0,0.0,45.6482045039562,19.272914262708998,2094.8103779025996,0.0,657.2,6.8,4.075077613815667,1.52,95.20872499999999,11.77,2.9611300000000003,5.4,11.09317378810361,10.817857019963158,1.3862943611198906,13.045484492893253
35,55.0,6.6111,20.9394,7.479,18.3,3.655,50.14,435.727,6.1,5.39,25.109999999999992,16.602999999999998,1.0,53.28,1.0,0.0,1.0,0.0,0.0,1.0,0.0,1.0,0.0,1.0,1.0,1.0,0.0,0.0,0.0,0.0,1.0,0.0,0.0,0.0,0.0,0.0,1.0,0.0,0.0,0.0,0.0,0.0,8.07492871287293,24.839254940300002,1354.66810009,58.636,19.0,6.0,0.746504962444305,3.6,37.39582,23.1,0.07209999999999998,540.0,15.390308370200794,6.495628028000422,3.6888794541139363,11.580593459194764
36,49.0,15.4542,18.7322,11.833,16.7,2.4859999999999998,38.4,280.995,6.1,0.75,14.410000000000002,5.818,0.0,54.24,0.0,0.0,0.0,1.0,1.0,1.0,0.0,1.0,0.0,0.0,0.0,1.0,0.0,0.0,1.0,0.0,1.0,0.0,0.0,0.0,0.0,0.0,1.0,0.0,0.0,0.0,0.0,0.0,3.5918973857014103,26.650741256999996,330.505670093,76.941,41.0,6.0,0.709243677556515,1.3,22.31155,23.9,0.0434,142.0,16.614367480172778,7.478256179961894,4.0943445622221,11.373674891823535
37,34.0,-35.6751,-71.543,24.281999999999996,35.4,11.087,1.3,127.993,8.46,34.2,41.5,73.6897,2.11,80.18,1.0,0.0,0.0,1.0,1.0,0.0,0.0,1.0,1.0,1.0,1.0,1.0,0.0,0.0,1.0,1.0,0.0,0.0,0.0,0.0,0.0,1.0,0.0,1.0,0.0,0.0,0.0,0.0,25.1618927162807,8.36982830344,631.170165709,12.436,266.0,8.6,4.496993497014049,0.5,96.40228,12.4,2.5912,18.0,16.76604722418168,10.033112945416155,6.1779441140506,15.560003876124755
38,30.0,31.8257,117.2264,147.674,38.7,10.640999999999998,0.7,261.899,9.74,1.9,48.4,86.77799999999999,4.34,76.91,0.0,0.0,1.0,0.0,0.0,0.0,0.0,1.0,0.0,1.0,1.0,0.0,0.0,0.0,0.0,0.0,0.0,1.0,0.0,0.0,0.0,0.0,0.0,0.0,0.0,0.0,0.0,1.0,0.35224874983549,6.325663981930001,574.773938266,40.848,121.0,9.2,2.91935373097658,0.39,96.84089,17.0,1.9798,61.0,21.087439239542938,9.63624267724031,6.230481447578482,17.95705673756892
39,36.0,4.5709,-74.2973,44.223,32.2,7.646,4.5,124.24,7.44,4.7,13.5,65.38600000000001,1.71,77.29,1.0,1.0,1.0,0.0,1.0,1.0,0.0,1.0,1.0,1.0,1.0,1.0,0.0,0.0,0.0,0.0,0.0,0.0,0.0,0.0,0.0,1.0,0.0,1.0,0.0,0.0,0.0,0.0,16.4298863248396,24.403811821399998,2618.58518334,19.222,245.0,7.4,4.89939339458942,0.4,95.09251,15.8,2.1848,33.0,17.745037177432664,9.492201711784574,6.729824070489475,15.177512482662628
40,38.0,-11.6455,43.3333,437.352,20.4,2.963,18.1,261.51599999999996,11.88,4.4,23.6,15.574000000000002,2.2,64.32,0.0,1.0,1.0,1.0,1.0,1.0,0.0,1.0,0.0,1.0,1.0,1.0,0.0,0.0,0.0,0.0,1.0,0.0,0.0,0.0,0.0,0.0,1.0,0.0,0.0,0.0,0.0,0.0,4.5998424553959,23.98699951,1846.39404297,71.035,16.0,12.3,0.941362418234348,0.1,58.81702,22.9,0.2715,35.0,13.67578401496255,7.254807068539642,1.6094379124341003,10.488520429241627
41,42.0,-4.0383,21.7587,15.405,19.0,3.4019999999999997,37.0,344.094,7.2,1.7,52.3,47.964,0.0,64.57,1.0,0.0,1.0,1.0,1.0,0.0,0.0,1.0,1.0,1.0,1.0,1.0,0.0,0.0,0.0,1.0,1.0,0.0,0.0,0.0,0.0,0.0,1.0,0.0,0.0,0.0,0.0,0.0,4.89299562239992,24.520327342399998,1635.05145708,33.084,31.0,6.0,1.19367139413953,2.6,80.29876,16.7,0.1645,375.0,15.523542887549926,8.493393410133347,3.332204510175204,11.957617696467539
42,32.0,9.7489,-83.7534,96.079,33.6,9.468,1.3,137.97299999999998,8.78,6.4,17.4,83.84100000000001,1.13,80.28,1.0,0.0,0.0,0.0,1.0,1.0,0.0,1.0,0.0,1.0,1.0,1.0,0.0,0.0,0.0,0.0,0.0,0.0,0.0,1.0,0.0,0.0,0.0,1.0,0.0,0.0,0.0,0.0,31.605103458619105,23.850928715,3268.2661656,20.66,314.0,9.1,5.38734458386898,0.4,97.86379,11.5,2.8939,10.0,15.443596509845827,9.650270994925126,5.087596335232384,14.91977384959623
43,40.0,7.54,-5.5471,76.399,18.7,2.9330000000000003,28.2,303.74,2.42,2.7,20.009999999999998,19.351,0.0,57.78,1.0,1.0,1.0,1.0,1.0,1.0,0.0,1.0,1.0,1.0,1.0,1.0,0.0,0.0,1.0,0.0,1.0,0.0,0.0,0.0,0.0,0.0,1.0,0.0,0.0,0.0,0.0,0.0,1.6680155512781927,26.299715567199996,1356.08177591,49.221000000000004,74.7,2.4,1.2673424556851398,2.6,47.16535,29.1,0.2314,142.0,17.08805135057807,8.18924619147577,3.519536335806739,14.491003312191221
44,38.0,45.1,15.2,73.726,44.0,19.724,0.7,253.782,5.59,34.3,39.9,96.25590000000001,5.54,78.49,1.0,0.0,1.0,0.0,1.0,1.0,0.0,1.0,0.0,1.0,1.0,1.0,0.0,0.0,0.0,0.0,0.0,0.0,1.0,0.0,0.0,0.0,0.0,0.0,0.0,1.0,0.0,0.0,16.8076724832581,10.4709106861,1037.34768241,43.053000000000004,108.0,5.4,5.62324300408363,0.1,99.12536,16.7,2.9996,8.4,15.227781828563336,10.028832899478214,4.248495242049359,16.62762048906936
45,34.0,22.0,-80.0,110.40799999999999,43.1,14.738,1.0699999999999998,190.968,8.27,17.1,53.3,85.198,5.2,78.8,1.0,1.0,0.0,0.0,1.0,1.0,0.0,1.0,1.0,1.0,1.0,1.0,0.0,0.0,0.0,1.0,0.0,0.0,0.0,1.0,0.0,0.0,0.0,1.0,0.0,0.0,0.0,0.0,11.7422538205586,25.130076970999998,1329.48686336,22.963,510.0,9.6,10.4748606681824,0.4,99.75253,16.4,8.4218,7.2,16.242666000598025,9.963116472819618,4.897839799950911,15.359663217192464
46,47.0,12.1696,-68.99,362.644,41.7,16.367,1.2799999999999998,0.0,11.62,10.05,22.69,85.50039999999998,0.0,78.88,0.0,0.0,0.0,0.0,0.0,0.0,0.0,0.0,0.0,0.0,0.0,0.0,0.0,0.0,0.0,0.0,0.0,0.0,0.0,1.0,0.0,0.0,0.0,1.0,0.0,0.0,0.0,0.0,50.47115120599505,21.262706912018995,1846.4215888099002,10.855,623.2,11.6,5.301591604948045,1.52,96.500222,16.55,3.9348199999999998,6.4,12.008237370904832,12.447416364416938,1.5836780466788742,12.976183182038383
47,33.0,35.1264,33.4299,127.65700000000001,37.3,13.415999999999999,0.7100000000000001,141.171,9.24,19.6,52.7,94.4783,3.4,80.98,1.0,0.0,1.0,1.0,1.0,1.0,0.0,1.0,1.0,1.0,1.0,1.0,0.0,0.0,0.0,0.0,0.0,0.0,1.0,0.0,0.0,0.0,0.0,0.0,0.0,1.0,0.0,0.0,17.1252621592216,18.7135000225,436.254837035,33.19,106.0,9.0,2.83386185765266,0.21000000000000002,98.67843,11.3,1.9509,5.4,13.68300720815118,10.386411479103298,2.772588722239781,15.186437695824551
48,33.0,49.8175,15.472999999999999,137.17600000000002,43.3,19.027,0.5900000000000001,227.485,6.82,30.5,38.3,85.9938,6.63,79.38,1.0,1.0,1.0,1.0,1.0,1.0,1.0,1.0,1.0,1.0,1.0,1.0,0.0,0.0,0.0,0.0,0.0,0.0,1.0,0.0,0.0,0.0,0.0,0.0,0.0,1.0,0.0,0.0,11.9525833547951,7.66549997325,666.9981124880001,26.208000000000002,154.0,7.0,5.91153986752033,0.1,98.80627999999999,15.0,4.1208,5.4,16.186593479931943,10.392279385410568,4.859812404361672,16.177401851097546
49,37.0,-4.0383,21.7587,35.879,17.0,3.02,77.1,318.949,6.1,2.1900000000000004,23.869999999999997,4.4719999999999995,0.0,60.68,1.0,0.0,0.0,0.0,1.0,1.0,0.0,1.0,0.0,1.0,1.0,1.0,0.0,0.0,1.0,0.0,1.0,0.0,0.0,0.0,0.0,0.0,1.0,0.0,0.0,0.0,0.0,0.0,2.2107737390986,24.038836834,1535.03688021,55.54,33.0,6.0,0.395843433216214,0.8,77.04268,19.4,0.07399999999999998,321.0,18.310435037378834,6.6959633040406485,5.293304824724492,12.392155661061304
50,35.0,56.2639,9.5018,136.52,42.3,19.677,0.2,114.76700000000001,6.41,19.3,18.8,96.9623,2.5,80.9,1.0,0.0,1.0,0.0,1.0,0.0,0.0,1.0,0.0,1.0,1.0,1.0,0.0,0.0,0.0,0.0,0.0,0.0,1.0,0.0,0.0,0.0,0.0,0.0,0.0,1.0,0.0,0.0,13.811670619969599,7.81897849714,698.6498565669999,12.126,73.0,8.3,8.493383973836899,0.1,98.068656,11.3,4.0099,5.4,15.57202343342192,10.751146383479906,4.394449154672439,16.36096347355778
51,36.0,11.8251,42.5903,41.285,25.4,4.213,22.5,258.03700000000003,6.05,1.7,24.5,27.8479,1.4,67.11,1.0,1.0,1.0,0.0,1.0,1.0,0.0,1.0,1.0,1.0,0.0,0.0,0.0,0.0,0.0,0.0,1.0,0.0,0.0,0.0,0.0,0.0,0.0,0.0,1.0,0.0,0.0,0.0,13.1578681014816,27.643000194299997,196.185202463,22.223000000000003,83.0,5.1,1.56038142740726,1.2,75.570679,19.6,0.2237,260.0,13.803441013162642,7.9033768344312305,2.639057329615259,13.618910903755369
52,31.0,15.415,-61.371,98.56700000000001,34.9,12.12,2.06,227.37599999999998,11.62,7.829999999999998,24.929999999999996,79.756,3.8,75.0,1.0,0.0,1.0,1.0,1.0,1.0,0.0,1.0,1.0,0.0,1.0,1.0,1.0,1.0,0.0,0.0,0.0,0.0,0.0,1.0,0.0,0.0,0.0,1.0,0.0,0.0,0.0,0.0,27.781250434081997,22.318030431444,2112.2458407349995,29.517,391.0,11.6,3.8178164511919,1.5100000000000002,93.904258,20.12,1.1189,6.4,11.184310280713785,9.177235089400996,1.0986122886681096,11.050905878263567
53,44.0,18.7357,-70.1627,222.873,27.6,6.981,1.6,266.653,8.2,8.5,19.1,55.181999999999995,1.6,74.08,1.0,0.0,1.0,1.0,1.0,1.0,0.0,1.0,0.0,1.0,1.0,1.0,0.0,0.0,1.0,0.0,0.0,0.0,0.0,1.0,0.0,0.0,0.0,1.0,0.0,0.0,0.0,0.0,3.31861343905698,23.929749846300002,1417.07188034,18.926,240.0,8.6,2.8228815644979495,0.9,93.77846,19.0,1.56,45.0,16.199482531749336,9.588904265326784,3.6109179126442243,15.69787232410477
54,34.0,-1.8312,-78.1834,66.939,28.1,7.104,3.6,140.44799999999998,5.55,2.0,12.3,80.635,1.5,77.01,1.0,1.0,1.0,1.0,1.0,1.0,0.0,1.0,1.0,1.0,1.0,1.0,0.0,0.0,0.0,1.0,0.0,0.0,0.0,0.0,0.0,1.0,0.0,1.0,0.0,0.0,0.0,0.0,24.485548425273198,21.32904646,1945.27384594,36.179,149.0,5.5,4.361646249890329,0.4,92.82979,13.0,2.0368,44.0,16.685853119566108,9.266998171640873,6.07073772800249,14.74570458948466
55,51.0,26.0,30.0,97.999,25.3,5.159,1.3,525.432,17.31,0.2,50.1,89.82700000000001,1.6,71.99,0.0,0.0,1.0,1.0,1.0,1.0,0.0,0.0,0.0,1.0,0.0,1.0,0.0,0.0,0.0,0.0,1.0,0.0,0.0,0.0,0.0,0.0,0.0,0.0,1.0,0.0,0.0,0.0,0.8110664406768471,22.120453023299998,32.9133090481,57.29600000000001,80.0,17.2,1.74466855823994,0.1,71.16825,27.7,0.4521,12.0,18.443756479369345,9.263995445167211,4.430816798843313,16.23106721893509
56,36.0,13.7942,-88.8965,307.811,27.6,8.273,2.2,167.295,8.87,2.5,18.8,90.65,1.3,73.32,1.0,1.0,1.0,0.0,1.0,0.0,0.0,1.0,1.0,1.0,1.0,1.0,1.0,0.0,0.0,0.0,0.0,0.0,0.0,1.0,0.0,0.0,0.0,1.0,0.0,0.0,0.0,0.0,10.483794751349802,24.7708749775,1672.81037903,27.976999999999997,422.0,8.8,4.60725240409374,0.6,89.0086,14.0,1.5662,70.0,15.685187709366902,8.894733060957552,4.23410650459726,14.332696511878936
57,45.0,1.5,10.0,45.193999999999996,22.4,2.846,17.859999999999996,202.812,7.78,3.11,18.859999999999996,24.64,2.1,58.74,1.0,1.0,1.0,1.0,1.0,1.0,0.0,1.0,1.0,1.0,1.0,1.0,0.0,0.0,0.0,1.0,1.0,0.0,0.0,0.0,0.0,0.0,1.0,0.0,0.0,0.0,0.0,0.0,4.98936196751925,24.125999662199998,2213.30756293,27.857,95.0,6.0,0.585146900266409,7.1,94.37054,22.0,0.4017,201.0,14.154113380417563,10.025965018757367,2.0794415416798357,13.450779493547014
58,41.0,15.1794,39.7823,44.303999999999995,19.3,3.6069999999999998,27.85,311.11,6.05,0.2,11.4,18.1063,0.7,66.32,0.0,0.0,1.0,0.0,1.0,1.0,0.0,1.0,1.0,0.0,0.0,0.0,0.0,0.0,0.0,0.0,1.0,0.0,0.0,0.0,0.0,0.0,1.0,0.0,0.0,0.0,0.0,0.0,3.66566124158202,26.0683250902,257.70426445,0.0,90.8,5.1,0.782054383307695,0.7,76.57052,23.9,0.0628,89.0,15.081451457712289,7.320830688479466,2.639057329615259,11.848521601260169
59,37.0,58.5953,25.0136,31.033,42.7,19.452,0.5,255.56900000000002,4.02,24.5,39.3,91.1359,4.69,78.74,1.0,0.0,1.0,0.0,1.0,1.0,0.0,1.0,1.0,1.0,1.0,1.0,0.0,0.0,0.0,1.0,0.0,0.0,1.0,0.0,0.0,0.0,0.0,0.0,0.0,1.0,0.0,0.0,13.5691449704833,5.03093842423,629.787344127,31.12,238.0,4.2,4.8007395118475,0.9,99.88579,17.0,4.4833,13.0,14.09808460664732,10.291543734159053,2.9444389791664403,14.989230628333736
60,54.0,-26.5225,31.4659,79.492,21.5,3.1630000000000003,9.5,333.436,3.94,1.7,16.5,24.096999999999998,2.1,60.19,1.0,0.0,1.0,0.0,1.0,1.0,0.0,1.0,1.0,1.0,1.0,1.0,0.0,0.0,1.0,1.0,1.0,0.0,0.0,0.0,0.0,0.0,1.0,0.0,0.0,0.0,0.0,0.0,12.0672594564217,20.41380005,798.370678712,76.20100000000001,140.2,4.5,3.5168424248695405,27.3,88.41938,26.7,0.3285,329.0,13.964072794346512,8.954153736604397,2.70805020110221,13.569611298299009
61,38.0,9.145,40.4897,104.95700000000001,19.8,3.5260000000000002,26.7,182.63400000000001,7.47,0.4,8.5,7.96,0.3,66.6,1.0,0.0,1.0,0.0,1.0,0.0,0.0,1.0,0.0,1.0,1.0,1.0,0.0,0.0,0.0,1.0,1.0,0.0,0.0,0.0,0.0,0.0,1.0,0.0,0.0,0.0,0.0,0.0,0.49580918159100895,22.3703929466,830.51464606,79.237,136.0,4.3,0.8737191557884219,1.0,51.77118,18.3,0.07689999999999998,151.0,18.56012597531032,7.4564123821321155,4.060443010546419,13.651815643149092
62,39.0,-51.7963,-59.5236,0.28612503100000003,39.0,11.0,8.28,100.8231,2.5789999999999997,17.380000000000003,22.11,54.3605,0.3097,81.44,0.0,0.0,0.0,0.0,0.0,0.0,0.0,0.0,0.0,0.0,0.0,0.0,0.0,0.0,0.0,0.0,0.0,0.0,0.0,0.0,0.0,1.0,0.0,1.0,0.0,0.0,0.0,0.0,2009.76169968418,5.7897750125,568.951248168,19.653,242.9,5.64,5.284701744094491,1.27,95.35277,11.540000000000001,3.5329000000000006,108.01000000000002,8.155936337972394,9.960198834205382,2.0794415416798357,12.990029068700007
63,40.0,61.8926,-6.9118,35.308,37.2,17.41,0.75,0.0,0.0,22.39,24.199999999999996,86.7434,0.0,80.67,0.0,0.0,0.0,0.0,0.0,0.0,0.0,0.0,0.0,0.0,0.0,0.0,0.0,0.0,0.0,0.0,0.0,0.0,1.0,0.0,0.0,0.0,0.0,0.0,0.0,1.0,0.0,0.0,20.4645451754835,0.9124582735461999,1060.9533917218,57.93600000000001,103.6,4.7,5.874091200530528,0.31000000000000005,99.787878,11.66,2.4554800000000006,4.279999999999999,10.796837137108716,10.445672341589836,0.6931471805599453,13.605909501681111
64,46.0,-17.7134,178.065,49.562,28.6,6.224,1.4,412.82,14.49,10.2,34.8,70.83250000000001,2.3,67.44,1.0,0.0,1.0,1.0,1.0,1.0,0.0,1.0,0.0,1.0,1.0,1.0,0.0,1.0,0.0,0.0,0.0,0.0,0.0,0.0,1.0,0.0,0.0,0.0,0.0,0.0,0.0,1.0,31.2345221787418,23.37100029,2905.11499023,43.751999999999995,174.0,14.7,2.3185744881629895,0.32,99.08211,30.6,0.86,54.0,13.706192220452104,9.071535096848953,3.367295829986474,13.676249640055394
65,65.0,64.0,26.0,18.136,42.8,21.228,0.1,153.507,5.76,18.3,22.6,94.65380000000002,3.28,81.91,1.0,0.0,1.0,0.0,1.0,1.0,0.0,1.0,0.0,1.0,1.0,1.0,0.0,0.0,0.0,0.0,0.0,0.0,1.0,0.0,0.0,0.0,0.0,0.0,0.0,1.0,0.0,0.0,26.7113395772894,1.3478611426700002,524.701103909,14.618,58.0,5.6,7.06586241722107,0.1,99.589575,10.2,3.8118,4.7,15.527634833695833,10.611196223125587,5.003946305945459,14.986133692782305
66,44.0,46.2276,2.2137,122.57799999999999,42.0,19.718,0.1,86.06,4.77,30.1,35.6,93.0774,5.98,82.66,0.0,0.0,0.0,0.0,0.0,0.0,0.0,1.0,0.0,0.0,1.0,0.0,0.0,0.0,0.0,0.0,0.0,0.0,1.0,0.0,0.0,0.0,0.0,0.0,0.0,1.0,0.0,0.0,7.10854963648961,10.5437222252,838.929003034,19.555999999999997,98.0,4.8,8.721329271793369,0.3,99.13033899999999,10.6,3.2672,8.9,17.994096891746132,10.5611803643548,6.142037405587356,18.3077583872827
67,36.0,-17.6797,149.4068,77.324,32.7,7.775,2.1199999999999997,0.0,22.63,5.55,24.599999999999998,78.9982,0.0,77.66,0.0,0.0,0.0,0.0,0.0,0.0,0.0,0.0,0.0,0.0,0.0,0.0,0.0,0.0,0.0,0.0,0.0,0.0,0.0,0.0,1.0,0.0,0.0,0.0,0.0,0.0,0.0,1.0,192.23649360635702,21.466391029348998,1826.8297126089997,38.166,204.2,19.5,3.628328908234836,0.48,96.965183,16.32,2.39777,22.0,12.545771812862718,10.645386097925847,4.007333185232471,12.28442623513897
68,49.0,-0.8037,11.6094,7.859,23.1,4.45,3.4,259.967,7.2,6.410000000000001,23.71,38.8745,6.3,66.47,1.0,1.0,0.0,1.0,1.0,1.0,0.0,1.0,0.0,1.0,1.0,1.0,0.0,1.0,0.0,1.0,1.0,0.0,0.0,0.0,0.0,0.0,1.0,0.0,0.0,0.0,0.0,0.0,19.7688127210513,24.999821390700003,1819.43900263,10.63,196.0,6.0,1.7597995698451998,3.8,84.66715999999998,14.4,0.6819,525.0,14.615595060369504,9.714951505737579,3.8066624897703196,13.772057475267932
69,63.0,13.4432,-15.3101,207.56599999999997,17.5,2.339,10.1,331.43,1.91,0.7,31.2,7.876,1.1,62.05,1.0,0.0,1.0,0.0,1.0,1.0,0.0,1.0,0.0,1.0,1.0,1.0,0.0,0.0,0.0,0.0,1.0,0.0,0.0,0.0,0.0,0.0,1.0,0.0,0.0,0.0,0.0,0.0,0.413793560048066,26.7719999967,990.4777425130001,38.73,56.0,1.9,0.7513606455177069,1.9,50.77797,20.4,0.1021,174.0,14.697899048507338,7.354213247012233,0.6931471805599453,13.221305136851795
70,39.0,42.3154,43.3569,65.032,38.7,14.864,4.2,496.218,7.11,5.3,55.5,92.2815,2.6,73.77,1.0,0.0,1.0,1.0,1.0,1.0,0.0,1.0,1.0,0.0,1.0,1.0,0.0,0.0,0.0,0.0,0.0,1.0,0.0,0.0,0.0,0.0,0.0,0.0,0.0,1.0,0.0,0.0,5.51492476514568,7.364817599999999,959.436725485,41.368,225.0,5.8,2.82902214676142,0.4,99.36426,24.9,7.1201,80.0,15.199095251247893,9.184620329260195,3.1354942159291497,15.37512798563092
71,34.0,51.0,9.0,237.016,46.6,21.453000000000003,1.05,156.139,8.31,28.2,33.1,96.06559999999999,8.0,81.33,0.0,0.0,0.0,0.0,0.0,0.0,0.0,0.0,0.0,0.0,0.0,0.0,0.0,0.0,0.0,0.0,0.0,0.0,1.0,0.0,0.0,0.0,0.0,0.0,0.0,1.0,0.0,0.0,6.43321342770384,8.504451891819999,713.4997304010001,22.688000000000002,79.0,10.4,8.73427838087082,0.1,96.567807,12.1,4.2488,7.3,18.243751971920446,10.719521279216007,6.29156913955832,17.476016283109868
72,34.0,7.9465,-1.0232,126.719,21.1,3.385,12.0,298.245,4.97,0.3,7.7,41.047,0.9,64.07,1.0,0.0,0.0,0.0,1.0,1.0,0.0,1.0,1.0,1.0,1.0,1.0,0.0,0.0,0.0,0.0,1.0,0.0,0.0,0.0,0.0,0.0,1.0,0.0,0.0,0.0,0.0,0.0,0.321823373999471,27.2517792583,1184.94458325,43.94,54.0,2.5,1.09192850068212,1.7,79.03964,20.8,0.1359,148.0,17.251848095026833,8.349633342512261,2.3978952727983707,14.071426026006586
73,45.0,36.1408,-5.3536,3457.1,35.5,16.7,0.7500000000000001,0.0,0.0,22.630000000000003,28.610000000000003,90.48310000000001,0.0,79.93,0.0,0.0,0.0,0.0,0.0,0.0,0.0,0.0,0.0,0.0,0.0,0.0,0.0,0.0,0.0,0.0,0.0,0.0,1.0,0.0,0.0,0.0,0.0,0.0,0.0,1.0,0.0,0.0,29.681517319165398,11.160576873733,914.0724751001999,0.0,76.9,5.16,5.4325705394148835,0.41000000000000003,98.29462,13.559999999999999,3.9573,9.015,10.425015699435255,10.732771327518064,0.6931471805599453,12.940369184882394
74,37.0,39.0742,21.8243,83.479,45.3,20.396,1.5,175.695,4.55,35.3,52.0,94.30170000000001,4.21,82.24,1.0,0.0,1.0,1.0,1.0,1.0,0.0,1.0,1.0,1.0,1.0,1.0,0.0,0.0,0.0,0.0,0.0,0.0,1.0,0.0,0.0,0.0,0.0,0.0,0.0,1.0,0.0,0.0,7.38746870399622,13.6555019825,668.223298315,20.941999999999997,111.0,4.7,4.83915023505688,0.2,97.93595,12.4,5.4789,4.5,16.159530929381553,10.109500489146846,4.356708826689592,17.22079959072691
75,40.0,71.7069,-42.6043,0.13699999999999998,34.3,10.36,3.78,199.94099999999997,2.16,9.629999999999999,24.78,78.1987,0.0,71.7,0.0,0.0,0.0,0.0,0.0,0.0,0.0,0.0,0.0,0.0,0.0,0.0,0.0,0.0,0.0,0.0,0.0,0.0,0.0,1.0,0.0,0.0,0.0,0.0,0.0,1.0,0.0,0.0,264.21475375185,-0.2157653813651999,725.5867865998,13.184000000000001,479.1,2.1,3.7116871029138565,0.8,93.379062,18.72,4.148619999999999,100.0,10.946816139580935,9.549807367575562,2.772588722239781,13.419671864716841
76,40.0,12.1165,-61.678999999999995,317.132,29.4,7.303999999999999,1.9100000000000001,243.96400000000003,10.71,5.329999999999999,19.650000000000002,82.39789999999999,3.7,72.4,1.0,0.0,1.0,1.0,1.0,0.0,0.0,1.0,0.0,1.0,1.0,1.0,1.0,0.0,0.0,0.0,0.0,0.0,0.0,1.0,0.0,0.0,0.0,1.0,0.0,0.0,0.0,0.0,26.66216372346,23.1657996859849,1952.7872604609997,63.728,424.0,10.7,2.03113183379173,1.49,98.6,21.4,1.4067,2.1,11.630886262603793,9.517448309581729,1.3862943611198906,12.128116509451258
77,31.0,13.460142999999999,144.784623,304.128,31.4,9.551,2.3299999999999996,310.496,21.52,6.88,29.880000000000003,79.9606,0.0,80.07,0.0,0.0,0.0,0.0,0.0,0.0,0.0,0.0,0.0,0.0,0.0,0.0,0.0,0.0,0.0,0.0,0.0,0.0,0.0,0.0,1.0,0.0,0.0,0.0,0.0,0.0,0.0,1.0,29.6238365238205,25.330513005489998,2529.1230476729997,5.22,98.7,18.7,3.764957319945097,0.37,94.110726,15.51,2.52881,49.0,12.03637506992159,10.774826686818843,1.791759469228055,14.25312076497659
78,34.0,15.7835,-90.2308,157.834,22.9,4.694,8.7,155.898,10.18,3.8200000000000003,21.6,76.665,0.6,74.3,1.0,1.0,1.0,1.0,1.0,1.0,0.0,1.0,0.0,1.0,1.0,1.0,0.0,0.0,0.0,0.0,0.0,0.0,0.0,1.0,0.0,0.0,0.0,1.0,0.0,0.0,0.0,0.0,16.242857398819698,23.071179610500003,2606.3307323000004,48.946000000000005,105.0,10.0,2.08395887166262,0.4,81.2859,14.9,0.3549,26.0,16.7011806134935,8.912582104750703,5.676753802268282,14.392686123753954
79,43.0,49.449323,-2.58957,1031.569231,44.3,20.23,1.7400000000000002,353.4342999999999,3.562,19.37,34.45,81.0785,2.7161999999999997,0.0,0.0,0.0,0.0,0.0,0.0,0.0,0.0,0.0,0.0,0.0,0.0,0.0,0.0,0.0,0.0,0.0,0.0,0.0,1.0,0.0,0.0,0.0,0.0,0.0,0.0,1.0,0.0,0.0,29.8275964922747,7.853996437861001,848.2782284715,17.073400000000003,243.1,4.289999999999999,3.8240588549524537,0.63,97.42849700000001,23.310000000000002,3.54839,158.7,11.113238630438206,9.826440035642047,1.0986122886681096,13.378909039910303
80,45.0,9.9456,-9.6966,51.755,19.0,3.135,35.3,336.717,2.42,1.02,22.759999999999998,17.45,0.3,61.6,1.0,1.0,0.0,1.0,1.0,1.0,0.0,1.0,0.0,1.0,1.0,1.0,0.0,0.0,0.0,0.0,1.0,0.0,0.0,0.0,0.0,0.0,1.0,0.0,0.0,0.0,0.0,0.0,1.21832432890127,25.5476408976,1693.56318234,63.86,25.0,2.4,0.708300480619073,1.4,32.00384,22.4,0.08319999999999998,176.0,16.39062294262171,7.600865458857566,2.833213344056216,11.502885230075814
81,38.0,11.8037,-15.1804,66.191,19.4,3.002,67.1,382.474,2.42,1.2099999999999997,23.409999999999997,6.403,0.0,58.32,1.0,0.0,1.0,1.0,0.0,1.0,0.0,1.0,0.0,1.0,1.0,0.0,0.0,0.0,0.0,0.0,1.0,0.0,0.0,0.0,0.0,0.0,1.0,0.0,0.0,0.0,0.0,0.0,4.06504478154957,26.608000373000003,1646.94893799,56.64,57.8,2.4,0.593177601695061,3.5,45.58116,20.0,0.1274,361.0,14.492527848464125,7.345800510508554,2.1972245773362196,13.330868769818812
82,48.0,5.0,-58.75,3.952,26.3,5.305,1.2899999999999998,373.159,11.62,7.539999999999999,36.89,77.15899999999999,1.6,69.91,1.0,0.0,1.0,1.0,1.0,1.0,1.0,1.0,0.0,1.0,1.0,1.0,0.0,0.0,0.0,0.0,0.0,0.0,0.0,0.0,0.0,1.0,0.0,1.0,0.0,0.0,0.0,0.0,148.74917202651,25.7953635703,2364.6864846,73.39399999999999,260.0,11.6,2.9617179185152094,1.4,85.63973,30.5,0.8023,83.0,13.575424285919752,8.914094669423834,4.770684624465665,12.567240979056246
83,39.0,18.9712,-72.2852,398.44800000000004,24.3,4.8,23.5,430.548,6.65,2.9,23.1,22.863000000000003,0.7,64.0,1.0,0.0,1.0,1.0,0.0,0.0,0.0,1.0,0.0,1.0,1.0,1.0,0.0,0.0,0.0,0.0,0.0,0.0,0.0,1.0,0.0,0.0,0.0,1.0,0.0,0.0,0.0,0.0,1.2277973674796598,24.4750768223,1480.20113431,44.722,96.0,6.7,0.95270462334156,2.0,61.69135,26.5,0.2343,176.0,16.249346169365783,7.411056465035371,2.70805020110221,13.010316110729669
84,83.0,41.9029,12.4534,1371.186441,41.21,17.713099999999997,3.5,264.92510000000004,4.721000000000001,20.51,31.339999999999996,87.6724,2.6667,75.12,0.0,0.0,0.0,0.0,0.0,0.0,0.0,0.0,0.0,0.0,0.0,0.0,0.0,0.0,0.0,0.0,0.0,0.0,1.0,0.0,0.0,0.0,0.0,0.0,0.0,1.0,0.0,0.0,654.8438160943167,10.639891147062002,879.9238962242,21.439400000000003,268.1,4.81,4.120972650125621,0.62,97.919828,18.22,3.8962600000000003,61.5,6.697034247666484,10.34988104967544,1.6907466048922326,13.307280769472566
85,36.0,15.2,-86.2419,82.805,24.9,4.652,16.0,240.208,7.21,2.0,0.0,84.169,0.7,75.27,1.0,1.0,1.0,1.0,1.0,1.0,0.0,1.0,0.0,1.0,0.0,1.0,1.0,0.0,0.0,0.0,0.0,0.0,0.0,1.0,0.0,0.0,0.0,1.0,0.0,0.0,0.0,0.0,10.3992000491085,23.3860833383,1945.7580329,42.903999999999996,153.0,7.3,3.15048806369305,0.3,87.20524,14.0,0.3089,37.0,16.10851076232301,8.42129774037411,4.6443908991413725,13.654168582642953
86,35.0,47.1625,19.5033,108.04299999999999,43.4,18.577,0.5,278.296,7.55,26.8,34.8,96.8337,7.02,76.88,1.0,0.0,1.0,0.0,1.0,1.0,0.0,1.0,1.0,1.0,1.0,1.0,1.0,1.0,0.0,1.0,0.0,0.0,1.0,0.0,0.0,0.0,0.0,0.0,0.0,1.0,0.0,0.0,4.24415264457292,10.0614477293,571.754958413,28.649,186.0,6.9,4.729105904698369,0.1,99.1,23.0,3.4075,6.4,16.08354054093231,10.195356883671487,3.7376696182833684,16.68067851847071
87,31.0,64.9631,-19.0208,3.404,37.3,14.431,0.2,117.992,5.31,14.3,15.2,92.8314,2.91,82.99,1.0,0.0,0.0,0.0,1.0,1.0,0.0,1.0,0.0,1.0,1.0,1.0,0.0,1.0,0.0,0.0,0.0,0.0,1.0,0.0,0.0,0.0,0.0,0.0,0.0,1.0,0.0,0.0,281.318681318681,1.35140862333,1039.82120895,6.187,47.0,5.8,6.81328549981117,0.1,99.571772,9.1,4.0778,2.7,12.740373555879943,10.746862542805655,4.574710978503383,14.667284528464112
88,63.0,21.0,78.0,450.41900000000004,28.2,5.989,21.2,282.28,10.39,1.9,20.6,59.55,0.53,69.66,1.0,0.0,0.0,0.0,1.0,1.0,0.0,1.0,1.0,1.0,1.0,1.0,1.0,0.0,0.0,0.0,0.0,1.0,0.0,0.0,0.0,0.0,0.0,0.0,0.0,0.0,1.0,0.0,0.25072384099707,23.9454341886,1072.21725144,65.97,30.0,10.4,0.95910569652915,0.3400000000000001,74.37299,23.3,0.8570999999999998,199.0,21.045352514371345,8.768368009952157,5.849324779946859,16.673301787800437
89,37.0,-0.7893,113.9213,145.725,29.3,5.319,5.7,342.86400000000003,6.32,2.8,76.1,64.204,1.04,71.72,1.0,0.0,0.0,0.0,0.0,1.0,0.0,0.0,1.0,0.0,0.0,1.0,0.0,0.0,0.0,0.0,0.0,1.0,0.0,0.0,0.0,0.0,0.0,0.0,0.0,0.0,1.0,0.0,2.4604821972578397,25.718970084499997,2801.53519982,44.675,59.0,6.3,1.44590092822909,0.4,95.65856,26.4,0.4269,316.0,19.426898545383718,9.322752923475017,6.513230110912307,16.57615327243676
90,31.0,32.0,53.0,49.831,32.4,5.44,0.2,270.308,9.59,0.8,21.1,81.6746,1.5,76.68,0.0,0.0,0.0,0.0,1.0,1.0,1.0,0.0,1.0,1.0,0.0,1.0,0.0,0.0,0.0,0.0,0.0,1.0,0.0,0.0,0.0,0.0,0.0,0.0,1.0,0.0,0.0,0.0,3.79793766746122,16.9265578448,227.35817234099997,25.101999999999997,284.0,9.6,4.43784445524216,0.1,85.54425,14.8,1.5844,14.0,18.246243472337003,9.85658565446961,5.768320995793772,15.802699877019206
91,34.0,33.0,44.0,88.125,20.0,3.1860000000000004,2.5,218.612,8.83,3.1799999999999997,32.980000000000004,94.57600000000001,1.4,70.6,1.0,0.0,1.0,1.0,0.0,1.0,0.0,1.0,1.0,1.0,0.0,1.0,0.0,0.0,1.0,0.0,0.0,1.0,0.0,0.0,0.0,0.0,0.0,0.0,1.0,0.0,0.0,0.0,2.53589389998927,21.5799935738,196.33566282,29.526999999999997,110.0,8.8,1.74417365342379,0.18000000000000002,85.6,21.3,0.7079,42.0,17.509937197954148,9.659183309673796,4.634728988229636,15.692931888618094
92,33.0,53.1424,-7.6921,69.874,38.7,13.927999999999999,0.2,126.459,3.28,23.0,25.7,95.4209,2.96,82.3,1.0,0.0,1.0,0.0,1.0,0.0,0.0,1.0,1.0,1.0,1.0,0.0,0.0,0.0,0.0,0.0,0.0,0.0,1.0,0.0,0.0,0.0,0.0,0.0,0.0,1.0,0.0,0.0,8.10078018613973,9.10792435892,1110.62860932,36.83,88.0,3.2,5.26579618453979,0.2,99.451613,10.3,3.3125,7.0,15.412429838281195,11.117454642194765,3.713572066704308,16.206655919462598
93,33.0,54.2361,-4.5481,147.872,44.6,21.08,1.9199999999999995,0.0,0.0,19.630000000000003,28.990000000000002,85.8175,0.0,81.4,0.0,0.0,0.0,0.0,0.0,0.0,0.0,0.0,0.0,0.0,0.0,0.0,0.0,0.0,0.0,0.0,0.0,0.0,1.0,0.0,0.0,0.0,0.0,0.0,0.0,1.0,0.0,0.0,11.760278483394499,10.216638843588,1090.4245302281001,47.412,64.9,4.6800000000000015,5.574084604158997,0.37,97.85081,10.24,1.449,4.22,11.35079469542275,10.670222848591347,0.6931471805599453,13.716815961615264
94,39.0,31.0,35.0,402.606,30.6,11.732999999999999,0.5,93.32,6.74,15.4,35.4,95.8388,2.99,82.97,1.0,0.0,1.0,0.0,1.0,0.0,0.0,1.0,1.0,1.0,1.0,1.0,1.0,0.0,0.0,0.0,0.0,1.0,0.0,0.0,0.0,0.0,0.0,0.0,0.0,1.0,0.0,0.0,5.43004764231375,19.6980002257,248.689445496,7.58199999999999,223.0,9.7,4.71300445497036,0.2,97.30866400000001,9.6,4.6249,4.0,15.973710367393133,10.408294701561989,3.8712010109078907,15.231606652980474
95,53.0,43.0,12.0,205.859,47.9,23.021,2.0,113.15100000000001,4.78,19.8,27.8,83.03670000000001,3.18,83.51,1.0,0.0,1.0,0.0,1.0,1.0,1.0,1.0,1.0,1.0,1.0,1.0,0.0,1.0,1.0,1.0,0.0,0.0,1.0,0.0,0.0,0.0,0.0,0.0,0.0,1.0,0.0,0.0,2.13357756897459,11.5006942985,930.193617321,29.561999999999998,106.0,5.0,6.5327204763889295,0.3,99.15576,9.5,3.9774,7.0,17.91752279826391,10.46940015954363,4.867534450455582,17.935639835402515
96,35.0,18.1096,-77.2975,266.879,31.4,9.684,3.07,206.537,11.28,5.3,28.6,66.425,1.7,74.47,1.0,1.0,1.0,1.0,0.0,1.0,0.0,1.0,1.0,1.0,0.0,1.0,0.0,0.0,0.0,0.0,0.0,0.0,0.0,1.0,0.0,0.0,0.0,1.0,0.0,0.0,0.0,0.0,9.45575063294431,24.4689998625,2114.18426514,44.326,152.0,11.3,3.8744006305933,1.9,88.1,14.7,1.3061,2.9,14.901092316833322,9.011227140814386,3.367295829986474,14.720942950870636
97,44.0,36.0,138.0,347.778,48.2,27.049,1.4299999999999997,79.37,5.72,11.2,33.7,81.14379999999998,13.05,84.63,0.0,0.0,1.0,0.0,0.0,1.0,0.0,1.0,0.0,0.0,0.0,1.0,0.0,0.0,0.0,0.0,0.0,1.0,0.0,0.0,0.0,0.0,0.0,0.0,0.0,0.0,0.0,1.0,1.3836567118285399,10.3627259421,1603.75715293,8.384,51.0,5.6,9.19630154967308,0.1,97.31024800000002,8.4,2.4115,14.0,18.655566753952392,10.571399562722844,5.170483995038151,17.255672241704072
98,37.0,49.217263,-2.135215,845.7991632000001,37.5,17.05,2.36,327.65909999999997,3.4460000000000006,18.05,31.809999999999995,80.5557,2.827,0.0,0.0,0.0,0.0,0.0,0.0,0.0,0.0,0.0,0.0,0.0,0.0,0.0,0.0,0.0,0.0,0.0,0.0,0.0,1.0,0.0,0.0,0.0,0.0,0.0,0.0,1.0,0.0,0.0,9.89383910638845,7.486065995654,848.2782284715,27.216800000000006,233.6,4.220000000000001,3.861044803634286,0.54,97.877202,24.44,3.89896,117.6,11.523608200816694,9.62813913390317,0.6931471805599453,13.211413293750672
99,44.0,31.24,36.51,109.285,23.2,3.81,0.1,208.257,11.75,9.379999999999999,31.919999999999998,75.4663,1.4,74.53,1.0,0.0,1.0,1.0,1.0,1.0,0.0,1.0,1.0,1.0,1.0,1.0,1.0,0.0,1.0,1.0,0.0,1.0,0.0,0.0,0.0,0.0,0.0,0.0,1.0,0.0,0.0,0.0,1.7641627969429,18.3528284894,102.305693981,9.021,95.0,12.7,3.6374680697917894,0.1,98.22711,19.2,2.3237,5.0,16.138206172026816,9.028637423804454,2.9444389791664403,15.238619133170708
100,32.0,48.0196,66.9237,6.681,30.6,6.9910000000000005,0.1,466.792,7.11,7.0,43.1,98.999,6.7,73.6,0.0,0.0,1.0,0.0,1.0,0.0,0.0,1.0,1.0,0.0,1.0,0.0,1.0,0.0,0.0,1.0,0.0,1.0,0.0,0.0,0.0,0.0,0.0,0.0,0.0,1.0,0.0,0.0,5.11271758141617,5.98787051356,252.26498555900002,42.571999999999996,295.0,6.1,1.94026026874781,0.2,99.78163,26.8,3.98,68.0,16.748127723514052,10.088164167336052,4.574710978503383,15.989011611325363
101,38.0,-0.0236,37.9062,87.324,20.0,2.6860000000000004,36.8,218.637,2.92,1.2,20.4,24.651,1.4,66.7,0.0,0.0,1.0,1.0,1.0,1.0,0.0,1.0,1.0,1.0,1.0,1.0,0.0,0.0,0.0,0.0,1.0,0.0,0.0,0.0,0.0,0.0,1.0,0.0,0.0,0.0,0.0,0.0,3.6636644455313503,24.4994652948,678.112942292,72.97,121.0,3.1,2.05257199704647,4.7,81.53497,13.4,0.1565,292.0,17.80025044414128,8.004374916973251,5.288267030694535,14.125932850523105
102,31.0,29.5,47.75,232.128,33.7,2.345,0.33000000000000007,132.235,15.84,2.7,37.0,83.8625,2.0,75.49,1.0,0.0,1.0,1.0,1.0,1.0,1.0,1.0,0.0,1.0,0.0,1.0,0.0,0.0,1.0,0.0,0.0,1.0,0.0,0.0,0.0,0.0,0.0,0.0,1.0,0.0,0.0,0.0,1.6391281430574798,25.1534998425,108.586813929,0.0,137.0,12.2,4.62386049330235,0.1,96.05647,17.4,2.6463,23.0,15.267256460791577,11.090286786664631,2.0794415416798357,15.956517572838694
103,32.0,41.2044,74.7661,32.333,26.3,4.489,1.4,436.36199999999997,7.11,3.6,50.5,89.22,4.5,71.45,1.0,0.0,1.0,1.0,1.0,1.0,0.0,1.0,1.0,0.0,1.0,1.0,0.0,0.0,0.0,0.0,0.0,1.0,0.0,0.0,0.0,0.0,0.0,0.0,0.0,1.0,0.0,0.0,4.29171984695114,1.09305612341,390.721465526,63.648999999999994,181.0,6.1,2.34767459332943,0.2,99.58600000000001,24.9,2.213,116.0,15.691027672087664,8.12990409426326,3.367295829986474,12.955129822091815
104,38.0,19.856270000000002,102.495496,29.715,24.4,4.029,22.7,368.111,4.0,7.3,51.2,49.839,1.5,67.92,1.0,0.0,0.0,0.0,1.0,1.0,0.0,1.0,1.0,1.0,1.0,1.0,0.0,0.0,0.0,0.0,0.0,1.0,0.0,0.0,0.0,0.0,0.0,0.0,0.0,0.0,0.0,1.0,5.63530814689627,23.217466659499998,1758.34740397,64.99600000000001,69.0,6.4,0.888554286211729,0.3,84.66104,27.0,0.3726,162.0,15.800030931664873,8.763796986510123,3.7376696182833684,15.142585824676148
105,38.0,56.8796,24.6032,31.212,43.9,19.754,0.7,350.06,4.91,25.6,51.0,91.9071,5.57,75.29,1.0,0.0,1.0,0.0,1.0,1.0,0.0,1.0,0.0,1.0,1.0,1.0,0.0,0.0,0.0,0.0,0.0,0.0,1.0,0.0,0.0,0.0,0.0,0.0,0.0,1.0,0.0,0.0,22.2669682250363,5.626625729430001,638.870309012,31.858,304.0,5.0,3.40323522686958,0.4,99.88931,21.9,3.1905,29.0,14.450076371590074,10.129221585653196,3.7612001156935624,14.48128705560257
106,38.0,33.8547,35.8623,594.561,31.1,8.514,0.34000000000000014,266.591,12.71,26.9,40.7,82.10889999999998,2.9,78.93,1.0,0.0,1.0,1.0,1.0,1.0,0.0,1.0,0.0,1.0,1.0,1.0,0.0,0.0,0.0,0.0,0.0,1.0,0.0,0.0,0.0,0.0,0.0,0.0,1.0,0.0,0.0,0.0,1.17208526568682,15.61349988,721.112487793,11.407,118.0,11.2,4.09953109920025,0.1,95.06944,17.9,2.1038,11.0,15.736167805353745,9.500661334492797,2.1972245773362196,14.490494277061389
107,48.0,6.4281,-9.4295,49.126999999999995,19.2,3.057,38.6,272.509,2.42,1.5,18.1,1.188,0.8,64.1,1.0,0.0,1.0,1.0,1.0,1.0,0.0,1.0,1.0,1.0,1.0,1.0,0.0,0.0,0.0,0.0,1.0,0.0,0.0,0.0,0.0,0.0,1.0,0.0,0.0,0.0,0.0,0.0,5.733857658367669,25.252419502600002,2460.08025139,48.849,46.0,2.4,1.4030891470611102,1.3,48.30136,17.6,0.0376,308.0,15.436418042659271,6.6251111613643205,3.4011973816621555,12.748577143253375
108,36.0,26.3351,17.228331,3.623,29.0,4.4239999999999995,0.8499999999999999,341.86199999999997,10.43,7.51,45.55,81.21329999999999,3.7,72.91,1.0,1.0,0.0,0.0,1.0,1.0,0.0,1.0,0.0,1.0,1.0,0.0,1.0,0.0,0.0,0.0,1.0,0.0,0.0,0.0,0.0,0.0,0.0,0.0,1.0,0.0,0.0,0.0,21.247839014729,21.8999695205,45.977274028400004,19.898,81.0,10.2,3.82936373353004,0.2,86.32224,20.1,2.0905,40.0,15.742862128430964,9.791578363267748,4.990432586778736,14.67054938790261
109,42.0,47.14,9.55,237.012,43.7,17.5,0.43999999999999995,0.0,7.77,18.589999999999996,22.59,92.6224,2.397,82.49,1.0,0.0,1.0,0.0,1.0,0.0,0.0,1.0,0.0,1.0,0.0,1.0,0.0,0.0,0.0,1.0,0.0,0.0,1.0,0.0,0.0,0.0,0.0,0.0,0.0,1.0,0.0,0.0,218.64908895523772,11.746915033810998,971.0384013438,85.662,24.0,9.4,5.198595970869063,0.12,98.13836699999999,11.73,3.3219899999999996,4.9,10.548966439394572,10.768733808437362,1.5825730630602155,11.353941456740479
110,46.0,55.1694,23.8813,45.135,43.5,19.002,0.7,342.98900000000003,3.67,21.3,38.0,80.1042,6.56,75.93,1.0,1.0,1.0,0.0,1.0,1.0,1.0,1.0,0.0,1.0,1.0,1.0,0.0,0.0,0.0,0.0,0.0,0.0,1.0,0.0,0.0,0.0,0.0,0.0,0.0,1.0,0.0,0.0,22.4075971305052,6.24490510462,651.7216436919999,32.321,329.0,3.8,4.22698482871056,0.5,99.8156,20.7,6.3528,44.0,14.816984730503286,10.293001616469823,4.127134385045092,14.854019276544916
111,40.0,49.8153,6.1296,231.447,39.7,14.312000000000001,0.2,128.275,4.42,20.9,26.0,92.19460000000001,4.51,82.25,1.0,0.0,1.0,0.0,1.0,0.0,0.0,1.0,1.0,1.0,1.0,1.0,0.0,0.0,0.0,0.0,0.0,0.0,1.0,0.0,0.0,0.0,0.0,0.0,0.0,1.0,0.0,0.0,3.19501067133564,8.88189983,848.8059082000001,9.019000000000009,122.0,5.0,4.65104691684246,0.3,99.466454,10.0,3.009,8.0,13.347068908193203,11.454013379051753,1.0986122886681096,13.833351458410394
112,31.0,-18.7669,46.8691,43.951,19.6,2.929,77.6,405.994,3.94,3.01,32.08,50.54,0.2,67.04,1.0,1.0,1.0,1.0,1.0,1.0,0.0,0.0,1.0,1.0,1.0,1.0,0.0,0.0,0.0,0.0,1.0,0.0,0.0,0.0,0.0,0.0,1.0,0.0,0.0,0.0,0.0,0.0,2.9973617077797003,22.013568481,1475.67599208,62.809,87.0,4.5,2.57938224822283,0.3,74.80432,22.9,0.1812,233.0,17.136618730871735,7.256607706663722,4.430816798843313,12.581081982573842
113,38.0,-13.254307999999998,34.301525,197.519,18.1,2.9789999999999996,71.4,227.34900000000002,3.94,4.4,24.7,8.704,1.3,64.26,0.0,0.0,1.0,0.0,1.0,1.0,0.0,1.0,0.0,1.0,1.0,1.0,0.0,0.0,0.0,0.0,1.0,0.0,0.0,0.0,0.0,0.0,1.0,0.0,0.0,0.0,0.0,0.0,1.6727692250190902,21.9787631789,1112.29100278,83.06299999999999,76.0,4.5,2.9568009078502695,9.2,62.14354,16.4,0.0358,181.0,16.766766041361517,6.999460787941607,3.4965075614664802,13.677398403939607
114,39.0,2.5,112.5,96.25399999999999,29.9,6.292999999999999,0.1,260.942,16.74,1.0,42.4,86.1065,1.9,76.16,0.0,0.0,0.0,0.0,1.0,0.0,0.0,0.0,0.0,0.0,0.0,0.0,0.0,0.0,0.0,0.0,0.0,1.0,0.0,0.0,0.0,0.0,0.0,0.0,0.0,0.0,0.0,1.0,3.5222148873642003,25.1388380873,2992.79301293,23.964000000000002,132.0,16.7,1.95242054760456,0.4,94.85441,17.2,1.5358,92.0,17.292619016162348,10.196499048349196,4.74493212836325,17.06712463013192
115,37.0,3.2028,73.2207,1454.433,30.6,4.12,1.7399999999999995,164.905,9.19,2.1,55.0,95.803,0.0,78.92,1.0,0.0,1.0,1.0,1.0,1.0,0.0,1.0,0.0,0.0,1.0,0.0,0.0,0.0,0.0,0.0,0.0,1.0,0.0,0.0,0.0,0.0,0.0,0.0,0.0,0.0,1.0,0.0,16.649955045121402,24.253557401400002,2611.003217436,60.192,307.0,9.2,6.45244047045708,0.42000000000000004,97.73495,13.4,4.5627,33.0,13.20032946886369,9.62803808904683,2.302585092994046,14.210252376563684
116,32.0,17.570692,-3.9961660000000006,15.196,16.4,2.519,40.239999999999995,268.024,2.42,1.6,23.0,52.232,0.1,59.31,1.0,0.0,1.0,1.0,1.0,1.0,0.0,1.0,0.0,0.0,1.0,1.0,0.0,0.0,0.0,0.0,1.0,0.0,0.0,0.0,0.0,0.0,1.0,0.0,0.0,0.0,0.0,0.0,1.2345170574209399,28.2998735354,303.009144715,57.644,36.0,2.4,1.325374096632,1.4,35.47377,24.6,0.1286,53.0,16.823706585234603,7.608526323893246,3.258096538021482,9.546884034617925
117,35.0,35.9375,14.3754,1454.037,42.4,19.426,0.2,168.71099999999998,8.83,20.9,30.2,89.3753,4.485,82.53,0.0,0.0,1.0,0.0,1.0,1.0,0.0,1.0,0.0,1.0,0.0,1.0,0.0,0.0,0.0,1.0,0.0,0.0,1.0,0.0,0.0,0.0,0.0,0.0,0.0,1.0,0.0,0.0,2.26480560041129,14.650474179502002,849.7178235558,5.38800000000001,145.0,8.3,5.89119866490364,0.27,94.50319,10.8,2.8598,14.0,12.9980238951487,10.505459873556443,0.6931471805599453,14.770637698386924
118,91.0,21.0079,10.9408,4.289,20.3,3.138,6.0,232.347,2.42,3.4899999999999998,16.44,15.95,0.0,64.92,1.0,0.0,1.0,0.0,1.0,1.0,0.0,0.0,0.0,1.0,0.0,1.0,0.0,0.0,0.0,0.0,1.0,0.0,0.0,0.0,0.0,0.0,1.0,0.0,0.0,0.0,0.0,0.0,6.45208466855641,27.6928972352,90.00475511180001,46.328,45.0,7.1,1.70846786350012,0.2,53.49759,18.1,0.1865,93.0,15.352304871680163,8.18830933010924,3.4339872044851463,13.08099561026167
119,31.0,-20.2,57.5,622.962,37.4,10.945,0.5,224.644,22.02,3.2,40.7,81.06179999999999,3.4,74.99,0.0,0.0,0.0,1.0,0.0,0.0,0.0,0.0,1.0,1.0,0.0,1.0,0.0,0.0,0.0,0.0,1.0,0.0,0.0,0.0,0.0,0.0,1.0,0.0,0.0,0.0,0.0,0.0,3.9315377738217796,23.12700081,1953.0168457000002,59.207,202.0,22.0,2.45145745575428,1.3,91.32539000000001,22.6,2.5331,13.0,14.05591861631003,9.91806798946985,1.791759469228055,14.151268968443645
120,42.0,23.6345,-102.5528,66.444,29.3,6.857,2.5,152.783,13.06,6.9,21.4,87.84700000000001,1.38,75.05,1.0,1.0,1.0,0.0,0.0,1.0,0.0,1.0,1.0,1.0,1.0,0.0,0.0,0.0,0.0,0.0,0.0,0.0,0.0,1.0,0.0,0.0,0.0,1.0,0.0,0.0,0.0,0.0,13.293751666033199,20.544693151700002,738.139128273,19.844,210.0,13.5,2.8417058289051096,0.2,95.37991,15.7,2.3827,23.0,18.67480153958703,9.760625276589765,7.44716835960004,17.53668780258283
121,49.0,43.7333,7.4167,19347.5,55.4,35.15,1.04,0.0,5.46,30.279999999999994,36.470000000000006,89.4029,13.8,86.75,0.0,0.0,0.0,0.0,0.0,0.0,0.0,0.0,0.0,0.0,0.0,0.0,0.0,0.0,0.0,0.0,0.0,0.0,1.0,0.0,0.0,0.0,0.0,0.0,0.0,1.0,0.0,0.0,30.23681637163056,10.770142251339,1002.6630848434,0.0,73.0,2.9,1.4129147864878202,0.47000000000000003,98.449162,10.760000000000002,7.5067,0.0,10.577579326560913,11.05690080937347,1.2732834608594517,12.757082940769225
122,40.0,46.8625,103.8467,1.98,28.6,4.031000000000001,0.5,460.043,4.82,5.5,46.5,71.18,7.0,69.87,1.0,1.0,0.0,0.0,1.0,1.0,0.0,1.0,1.0,1.0,0.0,1.0,0.0,0.0,0.0,1.0,0.0,1.0,0.0,0.0,0.0,0.0,0.0,0.0,0.0,0.0,0.0,1.0,13.4216232111112,-0.499043690351,227.231938367,31.555,287.0,4.7,2.4689519777894,0.1,98.42312,30.2,2.8592,428.0,15.002833418062012,9.37939480844712,3.8066624897703196,13.178745601197818
123,31.0,42.5,19.3,46.28,39.1,14.762,1.0,387.305,10.08,44.0,47.9,92.07039999999999,3.861,76.88,1.0,0.0,1.0,1.0,1.0,1.0,0.0,1.0,1.0,1.0,0.0,1.0,0.0,0.0,0.0,1.0,0.0,0.0,1.0,0.0,0.0,0.0,0.0,0.0,0.0,1.0,0.0,0.0,7.9609974811404,7.9069499166699995,1227.18247477,33.187,208.0,9.0,4.276791401207447,0.1,98.84718,20.6,2.7557,15.0,13.350395758890112,9.705663734204355,1.791759469228055,14.546435584321783
124,56.0,16.7425,-62.1874,49.00980392,34.8,6.55,6.1899999999999995,180.5129,2.242,4.709999999999999,23.240000000000002,77.68499999999999,0.29,74.16,0.0,0.0,0.0,0.0,0.0,0.0,0.0,0.0,0.0,0.0,0.0,0.0,0.0,0.0,0.0,0.0,0.0,0.0,0.0,1.0,0.0,0.0,0.0,1.0,0.0,0.0,0.0,0.0,200.0400080016,26.015026209259997,1888.5064722739996,42.1749,487.0,6.02,3.5047727450728425,1.55,95.322899,19.259999999999998,2.22591,59.589999999999996,8.517193191416238,9.915171336269761,0.6931471805599453,12.810369645644863
125,41.0,31.7917,-7.0926,80.08,29.6,6.769,1.0,419.14599999999996,7.14,0.8,47.1,80.001,1.1,76.68,1.0,1.0,1.0,0.0,1.0,1.0,1.0,1.0,1.0,1.0,1.0,0.0,0.0,0.0,0.0,0.0,1.0,0.0,0.0,0.0,0.0,0.0,0.0,0.0,1.0,0.0,0.0,0.0,1.49008855406629,17.2250961033,322.266544538,37.547,220.0,7.0,2.25047077983618,0.1,73.75001,12.4,0.7308,99.0,17.424008219838665,8.920791625037806,4.02535169073515,16.324215192640317
126,39.0,-18.6657,35.5296,37.728,17.7,3.158,62.9,329.94199999999995,3.3,5.1,29.1,12.227,0.7,60.85,1.0,1.0,1.0,1.0,1.0,0.0,0.0,0.0,0.0,1.0,1.0,1.0,0.0,1.0,0.0,0.0,1.0,0.0,0.0,0.0,0.0,0.0,1.0,0.0,0.0,0.0,0.0,0.0,3.13545468172175,23.6893595864,1007.80579276,64.012,65.0,3.3,1.4756206423044198,12.6,60.65543,18.4,0.0838,551.0,17.25770387101879,7.036239078917585,4.59511985013459,14.82456313448402
127,35.0,21.9162,95.956,81.721,29.1,5.732,6.4,202.104,4.61,6.3,35.2,79.28699999999999,0.9,67.13,1.0,0.0,0.0,0.0,0.0,1.0,0.0,1.0,0.0,0.0,1.0,1.0,0.0,0.0,0.0,1.0,0.0,1.0,0.0,0.0,0.0,0.0,0.0,0.0,0.0,0.0,1.0,0.0,1.17625881840317,22.956920878000002,2007.70073428,69.421,120.0,3.9,0.689848139882088,0.8,75.55119999999998,24.2,0.677,338.0,17.81205475076525,8.629199037871892,4.174387269895637,15.082740093536
128,44.0,-22.9576,18.4904,3.0780000000000003,22.0,3.552,13.4,243.81099999999998,3.94,9.7,34.2,44.6,0.0,63.71,1.0,0.0,1.0,0.0,1.0,1.0,0.0,1.0,1.0,1.0,1.0,1.0,0.0,0.0,0.0,0.0,1.0,0.0,0.0,0.0,0.0,0.0,1.0,0.0,0.0,0.0,0.0,0.0,44.0785921297674,20.0380348544,273.831201087,49.968,191.0,4.5,3.94567362964153,11.8,91.52727,21.3,0.4182,524.0,14.748035597463419,9.163543060755565,4.727387818712341,14.22030944419592
129,109.0,28.1667,84.25,204.43,25.0,5.809,15.0,260.797,7.26,9.5,37.8,47.782,0.3,70.78,1.0,0.0,0.0,0.0,1.0,1.0,1.0,1.0,1.0,0.0,0.0,1.0,1.0,0.0,0.0,0.0,0.0,1.0,0.0,0.0,0.0,0.0,0.0,0.0,0.0,0.0,1.0,0.0,1.6130799228247699,12.7439404148,1406.41177368,80.26,48.0,7.2,1.24062346294522,0.1,67.90843,21.8,0.7486,151.0,17.187512846901225,7.801311120676237,3.8712010109078907,13.975075980150168
130,32.0,52.1326,5.2913,508.54400000000004,43.2,18.779,0.27999999999999997,109.361,5.29,24.4,27.3,94.86980000000001,3.32,82.28,0.0,0.0,1.0,0.0,1.0,0.0,0.0,1.0,0.0,1.0,1.0,1.0,0.0,0.0,0.0,0.0,0.0,0.0,1.0,0.0,0.0,0.0,0.0,0.0,0.0,1.0,0.0,0.0,1.69245491343881,9.2017376425,766.0688781739999,8.510000000000009,82.0,5.4,6.50473237037659,0.2,99.523831,11.2,3.6054,5.3,16.656626359893515,10.788773464188486,3.4011973816621555,16.748303084992525
131,35.0,-20.9043,165.618,15.342,33.4,9.954,1.6699999999999995,0.0,23.36,6.15,23.3,78.374,0.0,77.55,0.0,0.0,0.0,0.0,0.0,0.0,0.0,0.0,0.0,0.0,0.0,0.0,0.0,0.0,0.0,0.0,0.0,0.0,0.0,0.0,1.0,0.0,0.0,0.0,0.0,0.0,0.0,1.0,87.5684347317429,21.9649998333,1456.20668538,29.316999999999997,246.9,21.8,3.521819319576026,0.51,97.8,16.39,2.5151899999999996,15.0,12.561969286669845,10.979097610584144,3.258096538021482,11.695255355062795
132,47.0,-40.9006,174.886,18.206,37.9,15.322000000000001,0.63,128.797,8.08,14.8,17.2,82.61260000000001,2.61,82.29,1.0,0.0,1.0,0.0,1.0,1.0,0.0,1.0,1.0,1.0,1.0,1.0,0.0,0.0,0.0,1.0,0.0,0.0,0.0,0.0,1.0,0.0,0.0,0.0,0.0,0.0,0.0,1.0,25.506855433986697,9.975832156000001,1790.94567393,13.462,192.0,6.2,6.91932514309883,0.1,97.94423900000001,10.1,3.5898,7.3,15.388747864127744,10.49368361805555,4.820281565605037,15.120052688508668
133,63.0,12.8654,-85.2072,51.667,27.3,5.445,3.2,137.016,11.47,3.41,24.259999999999998,79.42580000000001,0.9,74.48,1.0,0.0,0.0,0.0,1.0,1.0,0.0,0.0,0.0,0.0,0.0,1.0,0.0,0.0,0.0,0.0,0.0,0.0,0.0,1.0,0.0,0.0,0.0,1.0,0.0,0.0,0.0,0.0,22.1901731044837,24.5887827261,2406.96939485,41.478,153.0,11.4,5.02174384891987,0.2,82.61454999999998,14.2,0.9775,41.0,15.706293757769247,8.579687875340749,4.997212273764115,14.043443422188307
134,37.0,17.6078,8.0817,16.955,15.1,2.553,44.5,238.33900000000003,2.42,0.1,15.4,8.978,0.3,62.42,1.0,1.0,1.0,1.0,1.0,1.0,0.0,1.0,0.0,1.0,1.0,1.0,0.0,0.0,0.0,0.0,1.0,0.0,0.0,0.0,0.0,0.0,1.0,0.0,0.0,0.0,0.0,0.0,1.23932957888077,27.2387295245,160.803172125,83.575,42.0,2.4,2.5871697813272494,0.3,30.56039,20.0,0.0433,87.0,17.002137409723904,6.831953565565855,3.4339872044851463,11.964007453736912
135,49.0,9.082,8.6753,209.588,18.1,2.7510000000000003,33.88,181.013,2.42,0.6,10.8,41.949,0.0,54.69,0.0,0.0,1.0,1.0,0.0,1.0,0.0,1.0,1.0,1.0,1.0,1.0,0.0,0.0,0.0,0.0,1.0,0.0,0.0,0.0,0.0,0.0,1.0,0.0,0.0,0.0,0.0,0.0,0.261958417526082,26.7822145517,1138.53188956,49.656000000000006,32.0,3.1,0.532657699659467,1.5,62.01601,22.5,0.3806,219.0,19.144064108929225,8.582878679535629,4.007333185232471,12.608307558538373
136,46.0,41.6086,21.7453,82.6,39.1,13.26,5.0,322.688,10.08,19.27,37.059999999999995,86.4812,4.28,75.8,1.0,0.0,0.0,1.0,0.0,0.0,0.0,1.0,0.0,1.0,1.0,1.0,0.0,0.0,0.0,0.0,0.0,0.0,1.0,0.0,0.0,0.0,0.0,0.0,0.0,1.0,0.0,0.0,4.7998924824083895,9.853518181819998,632.503834118,42.037,134.5,9.3,4.083035886287689,0.1,97.8,20.3,2.8736,13.0,14.549502612782732,9.481299441217875,2.3978952727983707,13.468787359304866
137,39.0,15.135168,145.699249,119.87799999999999,32.8,7.23,2.3199999999999994,194.99400000000003,0.0,5.07,25.889999999999993,82.3846,0.0,76.74,0.0,0.0,0.0,0.0,0.0,0.0,0.0,0.0,0.0,0.0,0.0,0.0,0.0,0.0,0.0,0.0,0.0,0.0,0.0,0.0,1.0,0.0,0.0,0.0,0.0,0.0,0.0,1.0,85.49109950829245,26.209815280099996,2396.0280300869995,8.38200000000001,196.2,5.2700000000000005,3.5189295001328,0.41,95.91102599999999,18.85,2.2707100000000002,95.0,10.960548414046002,10.310243656363536,2.0187885191124035,13.155800087724673
138,33.0,60.472,8.4689,14.462,39.7,16.820999999999998,0.2,114.316,5.31,19.6,20.7,85.39370000000001,3.6,82.4,1.0,0.0,1.0,0.0,1.0,0.0,1.0,0.0,0.0,1.0,1.0,1.0,0.0,0.0,0.0,0.0,0.0,0.0,1.0,0.0,0.0,0.0,0.0,0.0,0.0,1.0,0.0,0.0,17.5236597074988,0.753892465738,1051.84074138,17.752,72.0,5.3,8.92880782485008,0.1,99.56381099999999,9.2,2.9164,4.1,15.505835682915754,11.079077193935726,4.564348191467836,15.553869426273918
139,30.0,31.9522,35.2332,778.202,20.4,3.043,1.0,265.91,10.59,5.65,31.610000000000003,76.85410000000002,0.0,74.05,1.0,0.0,1.0,0.0,1.0,0.0,0.0,1.0,1.0,1.0,1.0,1.0,0.0,0.0,0.0,0.0,0.0,1.0,0.0,0.0,0.0,0.0,0.0,0.0,1.0,0.0,0.0,0.0,3.2363131448771334,18.470823633170003,116.77963333838,23.836,255.6,9.5,2.627361230552197,0.33,97.21861,18.619999999999997,1.9697,0.77,15.445028902240553,8.400861152554667,2.2762577144784393,13.314636915215106
140,37.0,21.0,57.0,14.98,30.7,2.355,0.1,266.342,12.61,0.5,15.6,97.4,1.6,77.86,1.0,0.0,1.0,1.0,0.0,1.0,0.0,1.0,0.0,1.0,1.0,1.0,0.0,0.0,1.0,0.0,0.0,1.0,0.0,0.0,0.0,0.0,0.0,0.0,1.0,0.0,0.0,0.0,25.8487900612186,25.454102756999998,88.2071067955,15.460999999999999,61.0,10.1,3.3772822469472894,0.2,95.65153,17.8,2.0031,5.9,15.446048882658213,10.544333272785261,4.890349128221754,14.648854803611064
141,42.0,30.3753,69.3451,255.57299999999998,23.5,4.495,4.0,423.031,8.35,2.8,36.7,59.607,0.6,67.27,0.0,0.0,1.0,0.0,1.0,1.0,1.0,1.0,0.0,1.0,1.0,1.0,0.0,0.0,0.0,0.0,0.0,1.0,0.0,0.0,0.0,0.0,0.0,0.0,1.0,0.0,0.0,0.0,0.683590957261436,19.9810149025,301.017805117,63.333999999999996,39.0,19.9,0.915535353124142,0.1,59.13205,24.7,0.9801,265.0,19.213185955248242,8.524309410957372,5.0238805208462765,14.644119277759572
142,31.0,8.538,-80.7821,55.133,29.7,7.917999999999999,2.2,128.346,8.33,2.4,9.9,75.5473,2.3,78.51,1.0,0.0,1.0,1.0,1.0,1.0,1.0,1.0,0.0,1.0,0.0,1.0,0.0,0.0,0.0,0.0,0.0,0.0,0.0,1.0,0.0,0.0,0.0,1.0,0.0,0.0,0.0,0.0,27.116174032995502,24.7223333512,2487.02656047,32.291,411.0,7.7,4.38573360443115,0.9,95.41181,13.0,1.5687,52.0,15.277554346883578,10.010907610879169,4.770684624465665,14.394929533419809
143,39.0,-23.4425,-58.4438,17.144000000000002,26.5,6.377999999999999,1.7,199.128,8.27,5.0,21.6,79.602,1.3,74.25,1.0,1.0,1.0,1.0,1.0,1.0,0.0,1.0,1.0,1.0,1.0,1.0,0.0,0.0,0.0,0.0,0.0,0.0,0.0,0.0,0.0,1.0,0.0,1.0,0.0,0.0,0.0,0.0,112.021961351722,23.4801900351,1093.89459594,38.415,118.0,9.6,3.02581451833248,0.5,94.0208,17.5,1.3544,43.0,15.780176708362484,9.085684900135387,6.684611727667927,13.981872941919192
144,33.0,-9.19,-75.0152,25.129,29.1,7.151,3.5,85.755,5.95,4.8,0.0,67.7581,1.6,76.74,1.0,1.0,1.0,1.0,1.0,1.0,0.0,1.0,1.0,1.0,1.0,1.0,0.0,0.0,0.0,1.0,0.0,0.0,0.0,0.0,0.0,1.0,0.0,1.0,0.0,0.0,0.0,0.0,5.7928209418423195,19.4565089518,1513.24211891,22.093000000000004,202.0,6.6,3.1645134091377294,0.3,94.40827,12.6,1.3048,123.0,17.311164634103626,9.41227712020066,5.2574953720277815,15.301424210408394
145,67.0,13.0,122.0,351.87300000000005,25.2,4.803,1.2,370.43699999999995,7.07,7.8,40.8,78.46300000000001,1.0,71.23,1.0,0.0,1.0,1.0,1.0,0.0,0.0,1.0,1.0,1.0,1.0,1.0,1.0,1.0,0.0,1.0,0.0,1.0,0.0,0.0,0.0,0.0,0.0,0.0,0.0,0.0,0.0,1.0,2.2540386417966203,25.3266741931,2317.59269526,53.093,111.0,7.1,1.41886975616217,0.1,98.18255,26.8,0.6004,554.0,18.512175344593057,8.935928262810577,5.5134287461649825,15.785137373145822
146,32.0,51.9194,19.1451,124.027,41.8,16.762999999999998,0.2,227.331,5.91,23.3,33.1,93.7604,6.62,78.73,1.0,1.0,1.0,1.0,1.0,1.0,0.0,1.0,1.0,1.0,1.0,1.0,0.0,0.0,0.0,0.0,0.0,0.0,1.0,0.0,0.0,0.0,0.0,0.0,0.0,1.0,0.0,0.0,3.32922860584192,7.86883191521,600.659095624,39.942,217.0,6.1,4.51180674135685,0.19000000000000003,99.13065800000001,18.7,2.3788,16.0,17.44905186407815,10.21161340699459,4.844187086458591,16.792161994668675
147,33.0,39.3999,-8.2245,112.37100000000001,46.2,21.502,0.5,127.84200000000001,9.85,16.3,30.0,88.519,3.39,82.05,1.0,0.0,1.0,0.0,1.0,1.0,0.0,1.0,1.0,1.0,1.0,0.0,0.0,0.0,0.0,0.0,0.0,0.0,1.0,0.0,0.0,0.0,0.0,0.0,0.0,1.0,0.0,0.0,6.276536140540269,14.9703808743,835.346832275,34.789,136.0,9.8,5.9428621083498,0.5,96.13759,11.1,5.124,24.0,16.137575481063053,10.237739325752111,4.174387269895637,16.599657290819568
148,35.0,18.231316,-66.460258,376.23199999999997,38.2,15.168,1.4899999999999998,108.094,12.9,8.22,24.029999999999998,82.37229999999998,0.0,80.1,0.0,0.0,0.0,0.0,0.0,0.0,0.0,0.0,0.0,0.0,0.0,0.0,0.0,0.0,0.0,0.0,0.0,0.0,0.0,1.0,0.0,0.0,0.0,1.0,0.0,0.0,0.0,0.0,10.1368828735616,24.27766673,2126.0209554000003,6.422000000000001,690.8,13.7,4.852748420089485,1.39,92.39,14.370000000000001,3.01856,0.95,14.866626195514115,10.464407347028175,3.4011973816621555,14.936536767414472
149,35.0,25.3548,51.1839,227.322,31.9,1.307,0.6099999999999999,176.69,16.52,0.8,26.9,91.88480000000001,1.2,80.23,0.0,0.0,1.0,0.0,0.0,1.0,0.0,1.0,1.0,1.0,0.0,1.0,0.0,0.0,0.0,0.0,0.0,1.0,0.0,0.0,0.0,0.0,0.0,0.0,1.0,0.0,0.0,0.0,2.08256683304062,26.917333603299998,65.2212638867,0.8649999999999949,60.0,15.6,2.10516639053822,0.29000000000000004,93.46397,15.3,2.4852,31.0,14.873669187046264,11.6693871865678,1.9459101490553132,14.413962919346702
150,41.0,36.0,128.0,527.967,43.4,13.914000000000001,0.2,85.99799999999999,6.8,6.2,40.9,83.93609999999998,12.27,83.03,0.0,0.0,0.0,0.0,0.0,0.0,0.0,0.0,0.0,1.0,0.0,0.0,0.0,0.0,0.0,0.0,0.0,1.0,0.0,0.0,0.0,0.0,0.0,0.0,0.0,0.0,0.0,1.0,2.1650432775571997,10.6598023119,1344.7313494,18.541,99.0,6.9,4.362900927662849,0.41000000000000003,96.797222,7.8,2.3608,66.0,17.75260042789303,10.489588742267102,4.718498871295094,16.546430638316544
151,36.0,47.4116,28.3699,123.655,37.6,10.864,0.2,408.50199999999995,5.72,5.9,44.6,86.979,5.8,71.9,1.0,0.0,1.0,0.0,1.0,1.0,0.0,1.0,1.0,1.0,1.0,0.0,0.0,0.0,0.0,1.0,0.0,0.0,1.0,0.0,0.0,0.0,0.0,0.0,0.0,1.0,0.0,0.0,1.7352662877671399,9.667174935630001,538.892749786,57.371,188.0,5.7,3.5497460514307004,0.6,99.35989,24.9,3.2066,86.0,15.210260073311705,8.554676241861612,2.0794415416798357,11.982935344196433
152,40.0,45.9432,24.9668,85.12899999999999,43.0,17.85,5.7,370.94599999999997,9.74,22.9,37.1,83.8239,6.892,76.05,1.0,0.0,1.0,1.0,0.0,1.0,0.0,1.0,1.0,1.0,1.0,1.0,0.0,0.0,0.0,1.0,0.0,0.0,1.0,0.0,0.0,0.0,0.0,0.0,0.0,1.0,0.0,0.0,2.33915915649297,8.811245524910001,642.208362579,46.001999999999995,155.0,6.9,4.0533933788538,0.1,98.8445,21.4,2.9807,68.0,16.772381569754593,10.056817853087168,3.828641396489095,16.27680742743737
153,70.0,60.0,90.0,8.823,39.6,14.177999999999999,0.1,431.29699999999997,6.18,23.4,58.3,87.3772,8.05,72.58,1.0,0.0,1.0,1.0,1.0,1.0,0.0,1.0,1.0,0.0,1.0,1.0,0.0,0.0,0.0,1.0,0.0,0.0,1.0,0.0,0.0,0.0,0.0,0.0,0.0,1.0,0.0,0.0,8.346212402471629,-6.32129447871,434.795213565,25.566999999999997,475.0,6.1,3.05115282535553,0.7699999999999999,99.73006,25.4,4.0139,54.0,18.7986681816278,10.117265543585516,7.105786129481271,17.01626318530432
154,32.0,-1.9403,29.8739,494.869,20.3,2.9739999999999998,56.0,191.375,4.28,4.7,21.0,4.617,0.0,69.02,1.0,0.0,0.0,0.0,0.0,1.0,0.0,1.0,1.0,1.0,1.0,1.0,0.0,0.0,0.0,0.0,1.0,0.0,0.0,0.0,0.0,0.0,1.0,0.0,0.0,0.0,0.0,0.0,0.54044835131984,19.011899947,1162.80355835,82.789,492.0,5.1,2.25612297654152,2.5,73.21559,18.2,0.134,59.0,16.376776987920337,7.525753715203606,2.0794415416798357,13.2461744595854
155,41.0,17.357822,-62.782998,212.865,36.5,10.0,1.6400000000000001,0.0,12.84,4.22,21.98,90.0575,2.3,76.23,1.0,1.0,1.0,0.0,1.0,0.0,0.0,0.0,0.0,1.0,1.0,0.0,0.0,0.0,0.0,0.0,0.0,0.0,0.0,1.0,0.0,0.0,0.0,1.0,0.0,0.0,0.0,0.0,37.5996390434652,21.347457128987003,1712.3975207202998,69.22399999999999,714.0,13.3,2.34724264591932,1.73,96.87428100000001,18.28,2.6758,0.0,10.881682087725098,10.112750614030121,1.0986122886681096,11.736077016252437
156,47.0,13.9094,-60.9789,293.187,34.9,9.721,3.21,204.62,11.62,4.29,20.060000000000006,87.20200000000001,1.3,76.2,1.0,0.0,1.0,1.0,1.0,0.0,0.0,1.0,0.0,1.0,1.0,1.0,0.0,0.0,0.0,0.0,0.0,0.0,0.0,1.0,0.0,0.0,0.0,1.0,0.0,0.0,0.0,0.0,10.891525848313698,25.63039173071,2026.0033859050004,81.322,317.0,11.6,2.22526714205742,1.56,89.86052800000002,18.8,0.6409,3.2,12.120678142513226,9.469070270900009,1.0986122886681096,12.886643575525625
157,58.0,12.9843,-61.2872,281.78700000000003,31.8,7.724,4.2700000000000005,252.675,11.62,3.9,22.46,78.603,2.6,72.53,0.0,0.0,1.0,0.0,0.0,0.0,0.0,0.0,0.0,1.0,0.0,1.0,0.0,0.0,0.0,0.0,0.0,0.0,0.0,1.0,0.0,0.0,0.0,1.0,0.0,0.0,0.0,0.0,54.079875976817796,26.81999969,1585.97009277,47.802,376.0,11.6,2.88701932877302,1.67,91.959748,23.2,0.6648,6.3,11.616816902060368,9.280626034115741,1.9459101490553132,11.289794413577894
158,34.0,43.9424,12.4578,556.6669999999999,45.2,18.0,0.79,0.0,5.64,20.34,27.35,91.23190000000001,3.8,84.97,1.0,0.0,1.0,0.0,0.0,0.0,0.0,1.0,0.0,1.0,0.0,1.0,0.0,0.0,0.0,0.0,0.0,0.0,1.0,0.0,0.0,0.0,0.0,0.0,0.0,1.0,0.0,0.0,220.9559743941423,8.831068564896,1019.5724720412,2.7739999999999996,6.0,5.9,6.01250529289246,0.24000000000000005,99.91643,11.24,6.1094,0.0,10.432320074594577,10.948390824289639,1.7572027725753454,11.338583982516495
159,52.0,0.18636,6.613081,212.84099999999998,18.7,2.886,32.3,270.113,2.42,2.54,24.61,41.34,2.9,70.39,0.0,1.0,1.0,1.0,0.0,0.0,0.0,1.0,1.0,0.0,1.0,0.0,0.0,0.0,0.0,0.0,1.0,0.0,0.0,0.0,0.0,0.0,1.0,0.0,0.0,0.0,0.0,0.0,9.12571123511939,24.389477308500002,1553.6792413672,27.197,128.0,2.4,2.8410622850060494,2.9099999999999997,92.81664,18.5,0.0531,124.0,12.297566461363587,8.02411383371818,1.0986122886681096,10.416341118636355
160,35.0,24.0,45.0,15.322000000000001,31.9,3.295,1.4799999999999998,259.538,17.72,1.8,25.4,94.2096,2.7,75.13,1.0,0.0,1.0,1.0,0.0,1.0,0.0,1.0,1.0,1.0,0.0,0.0,0.0,0.0,0.0,0.0,0.0,1.0,0.0,0.0,0.0,0.0,0.0,0.0,1.0,0.0,0.0,0.0,6.14697585878639,24.6510073372,73.40345060189999,16.156,162.0,15.8,3.35191413760185,0.25,95.32863,16.4,2.6117,10.0,17.365526371109503,10.800522292081983,5.3706380281276624,16.54558320831553
161,39.0,14.4974,-14.4524,82.32799999999999,18.7,3.008,38.0,241.21900000000002,2.42,0.4,16.6,20.859,0.0,67.94,1.0,1.0,0.0,0.0,1.0,1.0,0.0,1.0,0.0,1.0,1.0,0.0,0.0,0.0,1.0,0.0,1.0,0.0,0.0,0.0,0.0,0.0,1.0,0.0,0.0,0.0,0.0,0.0,1.19446270977005,27.8732058303,701.100816165,52.808,64.0,2.4,0.867270026355982,0.4,51.90042,18.1,0.0691,118.0,16.633546422220363,7.812612901229825,3.044522437723423,14.126665719201661
162,34.0,44.0165,21.0059,80.291,41.2,17.366,4.1,439.415,10.08,37.7,40.2,97.719,5.609,76.0,1.0,0.0,1.0,1.0,0.0,1.0,0.0,1.0,1.0,1.0,1.0,1.0,0.0,0.0,0.0,0.0,0.0,0.0,1.0,0.0,0.0,0.0,0.0,0.0,0.0,1.0,0.0,0.0,3.82094690118267,10.1789935639,726.463658487,43.908,142.0,9.0,4.78330999612808,0.1,98.84151,19.1,3.1131,17.0,15.73310897115315,9.550369204975134,3.295836866004329,14.352589137327696
163,47.0,-4.6796,55.492,208.354,36.2,8.606,1.1,242.648,10.55,7.1,35.7,78.68029999999999,3.6,73.4,0.0,0.0,1.0,1.0,0.0,1.0,0.0,1.0,1.0,1.0,1.0,1.0,0.0,0.0,1.0,0.0,1.0,0.0,0.0,0.0,0.0,0.0,1.0,0.0,0.0,0.0,0.0,0.0,142.363229611552,22.24739546956,936.4604998099401,43.309,709.0,12.3,3.657141700387,6.8,95.86771,21.2,2.1212,18.0,11.496196309716343,10.180486020480314,2.70805020110221,12.799402253235032
164,41.0,8.460555000000001,-11.779889,104.7,19.1,2.5380000000000003,52.2,325.721,2.42,8.8,41.3,19.275,0.0,54.7,1.0,0.0,1.0,1.0,1.0,1.0,0.0,1.0,1.0,0.0,1.0,1.0,0.0,0.0,0.0,1.0,1.0,0.0,0.0,0.0,0.0,0.0,1.0,0.0,0.0,0.0,0.0,0.0,1.00288517528866,26.043799896,2471.72089355,57.945,52.0,2.4,1.84365287423134,1.5,43.20633,30.5,0.0251,298.0,15.892071203845969,7.237993840847831,2.1972245773362196,10.950824090522445
165,35.0,1.2833,103.8333,7915.731,42.4,12.922,0.9299999999999999,92.243,10.99,5.2,28.3,74.13050000000001,2.4,83.62,0.0,1.0,1.0,0.0,1.0,1.0,1.0,1.0,0.0,0.0,0.0,1.0,0.0,0.0,1.0,0.0,0.0,1.0,0.0,0.0,0.0,0.0,0.0,0.0,0.0,0.0,0.0,1.0,1.53837133993682,16.022502830973004,2034.7663644420002,0.0,230.0,5.5,2.1404581144452095,0.2,97.34486,9.3,2.2936,47.0,15.582011020897989,11.35669709657546,2.302585092994046,16.50151969634199
166,45.0,18.0425,-63.0548,1209.088,33.3,9.17,1.5,0.0,0.0,6.35,18.240000000000002,82.1472,0.0,78.95,0.0,0.0,0.0,0.0,0.0,0.0,0.0,0.0,0.0,0.0,0.0,0.0,0.0,0.0,0.0,0.0,0.0,0.0,0.0,1.0,0.0,0.0,0.0,1.0,0.0,0.0,0.0,0.0,23.319807844783398,22.338474054299,1824.2706012839,0.0,616.9,6.8,3.71440188959241,1.55,95.338695,15.3,2.67042,19.0,10.666230755983976,10.500350459015928,0.6931471805599453,12.08954444723597
167,34.0,48.669,19.699,113.12799999999999,41.2,15.07,0.7,287.959,7.29,23.1,37.7,85.9938,5.82,77.54,1.0,1.0,1.0,0.0,1.0,1.0,1.0,1.0,1.0,1.0,1.0,1.0,0.0,0.0,0.0,1.0,0.0,0.0,1.0,0.0,0.0,0.0,0.0,0.0,0.0,1.0,0.0,0.0,6.410675569812899,7.26939613115,767.516310472,46.273999999999994,187.0,6.5,5.3335927426815,0.1,99.456058,17.2,3.4156,5.8,15.512894144130179,10.314144227775184,3.58351893845611,14.629104334862399
168,32.0,46.1512,14.9955,102.619,44.5,19.062,0.39,153.493,7.25,20.1,25.0,96.1288,4.5,81.32,1.0,0.0,1.0,0.0,1.0,1.0,0.0,1.0,1.0,1.0,1.0,0.0,0.0,0.0,0.0,0.0,0.0,0.0,1.0,0.0,0.0,0.0,0.0,0.0,0.0,1.0,0.0,0.0,7.696259425512719,8.04021112,1361.8067627,45.458999999999996,66.0,5.9,5.87911084294319,0.1,99.7,12.7,3.0861,5.3,14.547365339288621,10.354621768905622,2.833213344056216,15.302781062412842
169,53.0,5.1521,46.1996,23.5,16.8,2.7310000000000003,31.35,365.769,6.05,1.3199999999999998,35.269999999999996,9.831,0.9,57.4,1.0,0.0,0.0,1.0,0.0,1.0,1.0,0.0,0.0,1.0,0.0,1.0,0.0,0.0,0.0,0.0,1.0,0.0,0.0,0.0,0.0,0.0,0.0,0.0,1.0,0.0,0.0,0.0,3.83811485892191,26.766844245700003,265.352539755,55.028999999999996,55.9,5.1,0.9919240511953827,0.1,45.862970000000004,21.8,0.023,262.0,16.58140316115535,7.314562502821673,4.127134385045092,13.408810863783671
170,36.0,-30.5595,22.9375,46.754,27.3,5.343999999999999,18.9,200.38,5.52,8.1,33.2,43.993,2.32,64.13,1.0,0.0,1.0,0.0,1.0,1.0,0.0,1.0,1.0,1.0,1.0,1.0,1.0,1.0,0.0,1.0,1.0,0.0,0.0,0.0,0.0,0.0,1.0,0.0,0.0,0.0,0.0,0.0,9.54328952468854,17.5968733425,474.776152751,33.645,294.0,12.7,4.35276962816715,20.4,87.04667,26.2,0.9054,520.0,17.8982664130942,9.41701920058723,6.340359303727752,16.16421568206461
171,52.0,6.877000000000001,31.307,18.06183027,19.2,3.4410000000000003,62.68000000000001,280.775,10.43,1.6800000000000002,19.49,7.783799999999999,0.0,57.85,1.0,0.0,0.0,1.0,0.0,0.0,0.0,0.0,0.0,1.0,0.0,1.0,0.0,0.0,0.0,0.0,1.0,0.0,0.0,0.0,0.0,0.0,1.0,0.0,0.0,0.0,0.0,0.0,7.59353741724496,26.927926446999997,956.581482682,80.385,65.0,10.2,0.8240226656198499,2.5,34.52276,19.8,0.11532499999999998,146.0,16.23086435807823,7.359396343543621,4.454347296253507,12.571302044788093
172,55.0,40.0,-4.0,93.105,45.5,19.436,1.0,99.40299999999999,7.17,27.4,31.4,92.17960000000001,2.97,83.56,1.0,0.0,1.0,1.0,1.0,1.0,0.0,1.0,1.0,1.0,1.0,0.0,1.0,0.0,0.0,1.0,0.0,0.0,1.0,0.0,0.0,0.0,0.0,0.0,0.0,1.0,0.0,0.0,3.2082279154199,13.0254760682,622.987063842,19.679000000000002,147.0,6.9,6.26586750149727,0.3,98.4365,9.9,3.8723,9.4,17.660427140014257,10.442123654999827,5.017279836814924,18.23161249130229
173,77.0,7.0,81.0,341.955,34.1,10.068999999999999,0.7,197.093,10.68,0.3,27.0,82.2582,3.6,76.98,1.0,1.0,1.0,1.0,1.0,1.0,0.0,1.0,0.0,1.0,1.0,1.0,1.0,0.0,0.0,1.0,0.0,1.0,0.0,0.0,0.0,0.0,0.0,0.0,0.0,0.0,1.0,0.0,0.887301086943831,26.755227348600002,1699.40728205,81.524,132.0,10.7,1.63696836680174,0.1,91.70982,17.4,1.0041,64.0,16.879520493970865,9.364783323373658,2.995732273553991,14.66309452027756
174,49.0,12.8628,30.2176,23.258000000000003,19.7,3.548,22.05,431.38800000000003,15.67,1.05,30.939999999999998,23.436999999999998,0.8,65.31,1.0,0.0,1.0,1.0,0.0,1.0,0.0,1.0,1.0,1.0,1.0,0.0,0.0,0.0,1.0,0.0,1.0,0.0,0.0,0.0,0.0,0.0,0.0,0.0,1.0,0.0,0.0,0.0,1.6875993987493798,26.824333834,234.036378989,65.358,56.0,22.1,1.14202881231904,0.2,60.69718,26.0,0.2618,71.0,17.596268628981406,8.404585813904207,4.31748811353631,13.636385088238372
175,49.0,3.9193,-56.0278,3.612,29.6,6.933,5.09,258.314,12.54,7.4,42.9,67.779,3.1,71.68,1.0,0.0,1.0,1.0,1.0,1.0,0.0,1.0,0.0,1.0,1.0,1.0,0.0,0.0,1.0,1.0,0.0,0.0,0.0,0.0,0.0,1.0,0.0,1.0,0.0,0.0,0.0,0.0,93.7552204611393,25.7660816355,2316.81026537,33.94,186.0,12.5,3.64815592765808,1.4,94.38327,21.7,1.2101,38.0,13.282158099616671,9.530110981084702,4.02535169073515,12.535379989788607
176,57.0,63.0,16.0,24.718000000000004,41.0,19.985,0.5,133.982,4.79,18.8,18.9,92.6953,2.22,82.8,1.0,0.0,0.0,0.0,1.0,0.0,0.0,1.0,0.0,1.0,1.0,0.0,0.0,0.0,0.0,0.0,0.0,0.0,1.0,0.0,0.0,0.0,0.0,0.0,0.0,1.0,0.0,0.0,22.8729403214292,1.54635056165,621.150333343,12.569,67.0,4.8,9.2221312224865,0.26000000000000006,99.748811,9.1,3.984,5.5,16.127973800988695,10.756844512307273,5.44673737166631,15.822381541217867
177,32.0,46.8182,8.2275,214.243,43.1,18.436,1.04,99.73899999999999,5.59,22.6,28.9,84.5454,4.53,83.78,1.0,0.0,1.0,0.0,1.0,1.0,1.0,1.0,0.0,1.0,1.0,1.0,1.0,0.0,0.0,1.0,0.0,0.0,1.0,0.0,0.0,0.0,0.0,0.0,0.0,1.0,0.0,0.0,7.27935074661874,4.74905739722,1646.41245524,26.203000000000003,82.0,5.7,3.76474261283875,0.17000000000000004,99.622596,8.6,4.2957,6.4,15.973603724826276,10.95799409300595,4.1588830833596715,16.153655922863333
178,37.0,34.8021,38.9968,94.50619397,21.7,4.46,3.29,376.264,0.0,7.4,33.230000000000004,70.598,1.5,72.7,1.0,0.0,1.0,1.0,1.0,1.0,0.0,0.0,1.0,1.0,0.0,1.0,1.0,0.0,0.0,0.0,0.0,1.0,0.0,0.0,0.0,0.0,0.0,0.0,1.0,0.0,0.0,0.0,5.14266407255453,17.6457807466,296.371756984,45.838,58.0,13.5,1.61476172506809,0.1,90.14407100000001,21.8,1.2874,19.0,16.67774903818688,9.111996679202033,4.51085950651685,15.756770702119294
179,30.0,38.861034000000004,71.276093,64.281,23.3,3.466,4.8,427.69800000000004,7.11,2.4800000000000004,48.949999999999996,72.704,4.8,71.1,0.0,1.0,0.0,0.0,1.0,1.0,1.0,1.0,0.0,1.0,1.0,1.0,0.0,0.0,0.0,0.0,0.0,1.0,0.0,0.0,0.0,0.0,0.0,0.0,0.0,1.0,0.0,0.0,2.51634523501721,3.02524846475,492.022649732,72.866,130.0,6.1,2.0966395735740706,0.2,99.8,25.3,2.1026,84.0,16.07075694790937,7.971746101726064,3.2188758248682006,13.849912950864715
180,44.0,15.0,101.0,135.132,40.1,11.373,0.1,109.861,7.04,1.9,38.8,90.67,2.1,77.15,0.0,0.0,0.0,0.0,0.0,0.0,0.0,0.0,1.0,0.0,1.0,1.0,0.0,0.0,1.0,0.0,0.0,1.0,0.0,0.0,0.0,0.0,0.0,0.0,0.0,0.0,1.0,0.0,1.44699186008339,26.249888206799998,1532.47654527,50.051,398.0,7.0,2.8517529368400605,1.1,93.76776,14.5,0.805,153.0,18.061144266872958,9.697611002317668,4.624972813284271,17.45777001763608
181,52.0,55.3781,-3.4360000000000004,272.89799999999997,40.8,18.517,0.2,122.137,4.28,20.0,24.7,93.1654,2.54,81.32,0.0,0.0,1.0,0.0,1.0,0.0,0.0,1.0,0.0,1.0,0.0,0.0,0.0,0.0,0.0,0.0,0.0,0.0,1.0,0.0,0.0,0.0,0.0,0.0,0.0,1.0,0.0,0.0,6.776065358037571,8.3102391391,1154.29974182,16.602,148.0,3.9,7.648710906505581,0.2,99.52008099999999,10.9,2.8117,8.0,18.033340459355635,10.590471881678853,6.133398042996649,17.407769001009857
182,56.0,-8.8742,125.7275,87.176,18.0,3.556,30.3,335.346,6.86,6.3,78.1,28.178,5.9,69.5,0.0,1.0,0.0,0.0,1.0,0.0,0.0,1.0,0.0,1.0,1.0,1.0,0.0,0.0,0.0,0.0,0.0,1.0,0.0,0.0,0.0,0.0,0.0,0.0,0.0,0.0,1.0,0.0,4.550825899053581,24.96599992,1239.77376302,69.422,25.0,6.7,2.5619076564908,0.6900000000000001,68.06683,19.9,0.7224,498.0,14.09196205289674,8.790436829528876,1.9459101490553132,11.225256725762893
183,43.0,8.6195,0.8248,143.366,19.4,2.839,49.2,280.033,6.15,0.9,14.2,10.475,0.7,61.04,1.0,0.0,1.0,1.0,1.0,1.0,0.0,1.0,1.0,1.0,1.0,1.0,0.0,0.0,0.0,1.0,1.0,0.0,0.0,0.0,0.0,0.0,1.0,0.0,0.0,0.0,0.0,0.0,0.966330975364962,26.7991113672,1189.11415609,58.298,64.0,2.4,1.09466044232249,2.3,63.74562,23.6,0.07739999999999998,36.0,15.92920109928609,7.265998093169698,2.1972245773362196,13.258642740896052
184,39.0,10.6918,-61.2225,266.88599999999997,36.2,10.014,1.52,228.467,10.97,4.9799999999999995,24.530000000000005,89.443,3.0,73.51,1.0,1.0,1.0,0.0,1.0,0.0,0.0,1.0,0.0,1.0,1.0,1.0,0.0,0.0,0.0,0.0,0.0,0.0,0.0,1.0,0.0,0.0,0.0,1.0,0.0,0.0,0.0,0.0,2.85818201045952,25.862500195,1831.40698243,46.816,281.0,11.0,3.71267274022102,1.4500000000000002,98.7,21.3,4.1675,21.0,14.151619871594047,10.26688235258257,1.6094379124341003,12.834683971615659
185,41.0,34.0,9.0,74.22800000000001,32.7,8.001,2.0,318.991,8.52,1.1,65.8,78.687,2.3,76.7,1.0,1.0,0.0,0.0,1.0,1.0,0.0,1.0,0.0,1.0,1.0,1.0,0.0,0.0,1.0,0.0,1.0,0.0,0.0,0.0,0.0,0.0,0.0,0.0,1.0,0.0,0.0,0.0,2.45375559138979,19.363456174,267.087509825,31.055,199.0,8.5,4.13129851222038,0.1,79.03642999999998,16.1,1.3025,35.0,16.28518672724498,9.291947731865854,3.4011973816621555,15.931645704077024
186,34.0,38.9637,35.2433,104.914,31.6,8.152999999999999,0.2,171.285,12.13,14.1,41.1,89.83949999999999,2.81,77.69,1.0,0.0,1.0,1.0,0.0,1.0,0.0,1.0,1.0,1.0,0.0,1.0,0.0,0.0,0.0,0.0,0.0,1.0,0.0,0.0,0.0,0.0,0.0,0.0,0.0,1.0,0.0,0.0,1.16197633535595,10.9336064842,573.2831308469999,24.857,179.0,11.1,3.27651053667068,0.15000000000000005,96.15053,16.1,1.8492,16.0,18.25035575571179,10.131831199884491,4.59511985013459,17.63909573677983
187,51.0,21.694000000000003,-71.7979,37.312,34.6,5.17,1.5,0.0,0.0,4.249999999999999,20.36,87.4508,0.0,80.22,0.0,0.0,0.0,0.0,0.0,0.0,0.0,0.0,0.0,0.0,0.0,0.0,0.0,0.0,0.0,0.0,0.0,0.0,0.0,1.0,0.0,0.0,0.0,1.0,0.0,0.0,0.0,0.0,206.622242884447,26.486977226109996,1989.2687923370001,6.902,617.1,6.31,4.126312658190729,1.55,94.95002400000001,14.809999999999999,2.39931,6.1,10.564085714610725,10.206415193469724,2.1972245773362196,12.996802422000108
188,34.0,1.0,32.0,213.75900000000001,16.4,2.168,41.6,213.333,2.5,3.4,16.7,21.221999999999998,0.5,63.37,1.0,0.0,1.0,1.0,1.0,1.0,1.0,1.0,1.0,1.0,1.0,1.0,0.0,0.0,0.0,0.0,1.0,0.0,0.0,0.0,0.0,0.0,1.0,0.0,0.0,0.0,0.0,0.0,1.0275245403467301,22.5958415474,1207.89543412,76.226,97.0,2.5,0.971404835581779,5.7,76.5275,21.9,0.168,200.0,17.638505630884378,7.437622652415032,3.8712010109078907,14.15341105984318
189,43.0,48.3794,31.1656,77.39,41.4,16.462,0.1,539.849,7.11,13.5,47.4,81.24770000000001,8.8,72.06,1.0,1.0,0.0,0.0,1.0,1.0,1.0,1.0,1.0,1.0,1.0,1.0,0.0,0.0,0.0,0.0,0.0,0.0,1.0,0.0,0.0,0.0,0.0,0.0,0.0,1.0,0.0,0.0,4.27587301608352,8.20556556473,561.788800317,30.648000000000003,305.0,6.1,3.07959318161011,1.0,99.97435,24.7,2.9923,80.0,17.593630901856123,8.974034703791563,5.236441962829949,16.46196907396171
190,52.0,24.0,54.0,112.44200000000001,34.0,1.1440000000000001,1.2299999999999995,317.84,17.26,1.2,37.4,92.5005,1.2,77.97,0.0,0.0,0.0,0.0,0.0,1.0,0.0,1.0,0.0,1.0,0.0,1.0,0.0,0.0,0.0,0.0,0.0,1.0,0.0,0.0,0.0,0.0,0.0,0.0,1.0,0.0,0.0,0.0,4.3476502467038705,26.825608876500002,67.81202548479999,13.478,238.0,16.3,2.39981282502413,0.32,93.22714,16.8,2.5278,1.0,16.107075248782994,11.11683353604673,3.784189633918261,16.87356018456236
191,35.0,-6.369,34.8888,64.699,17.7,3.108,49.1,217.28799999999998,5.75,3.3,26.7,47.953,0.7,65.46,0.0,0.0,0.0,0.0,0.0,1.0,0.0,1.0,0.0,1.0,1.0,1.0,0.0,0.0,0.0,0.0,1.0,0.0,0.0,0.0,0.0,0.0,1.0,0.0,0.0,0.0,0.0,0.0,2.77897693236538,22.305809821399997,1052.38357354,66.22399999999999,78.0,5.7,1.5766391530633,4.6,77.88723,17.9,0.013999999999999999,253.0,17.905415513031883,7.895176755463109,5.117993812416755,14.136144456244882
192,43.0,37.0902,-95.7129,35.608000000000004,38.3,15.413,1.2,151.089,10.79,19.1,24.6,87.9495,2.77,78.86,0.0,0.0,0.0,0.0,1.0,0.0,0.0,0.0,0.0,0.0,1.0,0.0,0.0,0.0,0.0,0.0,0.0,0.0,0.0,1.0,0.0,0.0,0.0,1.0,0.0,0.0,0.0,0.0,40.824446941658394,6.75462706769,654.536672556,17.744,716.0,10.8,8.557614684104918,0.4,97.044343,14.6,2.612,3.0,19.61763693330934,10.900924002006192,9.51148146411212,18.194356150985737
193,40.0,17.739273,-64.76357800000001,306.48,42.2,18.601,2.05,273.67,12.26,12.070000000000002,25.280000000000005,85.06479999999999,0.0,80.58,0.0,0.0,0.0,0.0,0.0,0.0,0.0,0.0,0.0,0.0,0.0,0.0,0.0,0.0,0.0,0.0,0.0,0.0,0.0,1.0,0.0,0.0,0.0,1.0,0.0,0.0,0.0,0.0,19.1528686208977,25.74300003,2131.47290039,4.279,575.6,12.3,6.06860162690282,1.3900000000000001,95.509778,13.99,4.03082,5.4750000000000005,11.556214813068626,10.857175168496621,1.0986122886681096,12.850557278777309
194,32.0,-32.5228,-55.7658,19.750999999999998,35.6,14.655,0.1,160.708,6.93,14.0,19.9,81.5206,2.8,77.91,1.0,0.0,1.0,0.0,1.0,1.0,0.0,0.0,0.0,1.0,1.0,1.0,0.0,0.0,0.0,0.0,0.0,0.0,0.0,0.0,0.0,1.0,0.0,1.0,0.0,0.0,0.0,0.0,38.2874071566361,17.5674857003,1250.47726702,4.666,281.0,7.3,6.58495426177979,0.6,98.70386,16.7,5.0794,33.0,15.06073892680541,9.93073343933129,4.897839799950911,15.059377214219358
195,30.0,41.3775,64.5853,76.134,28.2,4.468999999999999,2.5700000000000003,724.4169999999999,7.57,1.3,24.7,88.4826,4.0,71.72,0.0,0.0,0.0,0.0,0.0,1.0,0.0,1.0,0.0,0.0,0.0,1.0,0.0,0.0,0.0,0.0,0.0,1.0,0.0,0.0,0.0,0.0,0.0,0.0,0.0,1.0,0.0,0.0,1.5835455159832201,12.5193833147,191.821623206,49.522,152.0,6.5,2.77740005403757,0.2,99.99289,24.5,2.3742,70.0,17.32613617090006,8.740993167236732,3.9889840465642745,15.491859362736726
196,30.0,6.4238,-66.5897,36.253,29.0,6.614,10.74,204.85,6.47,6.49,16.330000000000002,57.140100000000004,0.8,72.06,0.0,1.0,1.0,1.0,1.0,1.0,0.0,1.0,1.0,1.0,1.0,0.0,0.0,0.0,1.0,0.0,0.0,0.0,0.0,0.0,0.0,1.0,0.0,1.0,0.0,0.0,0.0,0.0,15.614041707707699,25.318454248000002,1957.65398653,11.792,161.0,7.0,0.188269501086324,0.43999999999999995,97.12709,18.1,0.69664,48.0,17.163164536694925,9.72591601651008,6.09807428216624,12.964541634128395
197,40.0,16.0,108.0,308.127,32.6,7.15,2.0,245.465,6.0,1.0,45.9,85.84700000000001,2.6,75.4,0.0,0.0,1.0,0.0,1.0,1.0,0.0,1.0,0.0,1.0,1.0,1.0,0.0,0.0,1.0,0.0,0.0,1.0,0.0,0.0,0.0,0.0,0.0,0.0,0.0,0.0,0.0,1.0,0.46230383279772996,24.069649127399998,1835.16079337,64.081,145.0,6.0,2.68987957388163,0.3,95.00038,17.1,0.8280999999999998,182.0,18.393706015314937,8.727921430705912,3.828641396489095,16.556221605830487
198,52.0,15.552726999999999,48.516388,53.508,20.3,2.9219999999999997,18.8,495.00300000000004,5.35,7.6,29.2,49.542,0.7,66.12,1.0,0.0,1.0,1.0,0.0,1.0,0.0,1.0,1.0,1.0,1.0,1.0,1.0,0.0,0.0,0.0,0.0,1.0,0.0,0.0,0.0,0.0,0.0,0.0,1.0,0.0,0.0,0.0,1.9110863392598,23.1571687414,166.538899657,63.358000000000004,55.0,5.4,0.43118325993418694,0.1,63.971339,30.6,0.5251,48.0,17.210890014942695,7.299896686150151,4.060443010546419,14.48866036400444
199,38.0,-15.4167,28.2833,22.995,17.7,2.48,57.5,234.49900000000002,3.94,3.1,24.7,13.937999999999999,2.0,63.89,0.0,0.0,1.0,0.0,0.0,1.0,0.0,1.0,0.0,1.0,1.0,1.0,0.0,0.0,0.0,0.0,1.0,0.0,0.0,0.0,0.0,0.0,1.0,0.0,0.0,0.0,0.0,0.0,4.7867825619251905,21.584131965500003,1004.7531957999998,56.479,119.0,4.5,1.7270274460315702,11.3,86.74796,17.9,1.1867,346.0,16.72698894007751,8.21344975640142,4.48863636973214,13.88503755344827
200,48.0,-20.0,30.0,42.729,19.6,2.822,21.4,307.846,1.82,1.6,30.7,36.791,1.7,61.49,1.0,1.0,0.0,0.0,1.0,0.0,0.0,1.0,1.0,1.0,1.0,1.0,0.0,0.0,0.0,0.0,1.0,0.0,0.0,0.0,0.0,0.0,1.0,0.0,0.0,0.0,0.0,0.0,13.1871736973478,21.0313897136,668.974772958,67.791,129.0,1.8,3.42518053948879,12.7,88.69342,19.3,0.2096,210.0,16.5143806168752,7.5500169767249306,5.2832037287379885,14.763300344494624
